ExpCondCode,Strain,Genotype,Scale factor,Day,Cer d16:1/C22:0,Cer d16:1/C24:0,Cer d16:1/C25:0,Cer d17:0/C23:1,Cer d17:1/C22:0,Cer d17:1/C23:0,Cer d17:1/C24:0,Cer d18:0/C16:0,Cer d18:0/C17:0,Cer d18:0/C18:1,Cer d18:0/C22:1,Cer d18:0/C24:0,Cer d18:1/C16:2,Cer d18:1/C24:0,Cer d18:1/C24:1,Cer d18:1/C25:2,Cer d18:1/C26:0,Cer d18:1/C26:1,Cer d18:1/C31:1,Cer d18:2/C18:1,Cer d18:2/C24:0,Cer d19:0/C15:2,Cer d19:0/C20:0,Cer d19:0/C20:2,Cer d19:0/C21:1,Cer d20:1/C24:0,LPC 14:0,LPC 14:1,LPC 15:0,LPC 16:0,LPC 16:1,LPC 17:0,LPC 17:1,LPC 18:0,LPC 18:1,LPC 18:2,LPC 18:3,LPC 19:0,LPC 19:1,LPC 20:1,LPC 20:2,LPC 20:3,LPC 20:4,LPC 20:5,LPC 21:0,LPC 22:0,LPC 22:4,LPC 22:5,LPC 22:6,LPC O-16:0,LPC(O-16:0),LPC(O-18:0),LPC(O-18:1),LPC(O-20:0),LPC(O-20:1),LPC(O-22:0),LPC(O-22:1),LPC(O-24:1),LPC(P-16:0),LPC(P-18:0),LPE 16:0,LPE 18:0,LPE 18:1,LPE 18:2,LPE 20:0,LPE 20:1,LPE 20:3,LPE 20:4,LPE 20:5,LPE 22:6,PC 28:1,PC 29:0,PC 29:1,PC 30:0,PC 30:1,PC 31:1,PC 32:0,PC 32:1,PC 32:2,PC 32:3,PC 33:1,PC 34:1,PC 34:2,PC 34:3,PC 34:4,PC 34:5,PC 35:1,PC 36:0,PC 36:1,PC 36:2,PC 36:3,PC 36:4,PC 36:5,PC 36:6,PC 38:0,PC 38:1,PC 38:2,PC 38:3,PC 38:4,PC 38:5,PC 38:6,PC 38:7,PC 40:0,PC 40:1,PC 40:4,PC 40:5,PC 40:6,PC 40:7,PC 40:8,PC 44:0,PC 44:2,PE 30:1,PE 32:0,PE 34:1,PE 34:2,PE 34:3,PE 34:4,PE 34:5,PE 35:1,PE 36:0,PE 36:1,PE 36:2,PE 36:3,PE 36:4,PE 36:5,PE 38:3,PE 38:4,PE 38:5,PE 38:6,PE 40:5,PG 32:1,PG 36:6,PG 36:1,PG 36:2,PG 36:3,PS 34:1,PS 34:2,PS 36:4,PS 36:5,PS 34:2,PS 36:1,PS 36:2,PS 40:7,PS 38:0,PS 38:4,PS 38:5,PS 40:12,PS 40:6,SM 31:1,SM 34:1,SM 35:0,SM 36:3,SM 36:2,SM 36:1,SM 36:0,SM 38:4,SM 38:3,SM 38:2,SM 38:1,SM 38:0,SM 39:0,SM 40:1,SM 40:0,SM 41:2,SM 41:1,SM 42:2,SM 42:1,SM 42:0
N2_D3_1,N2,1,1,3,-1.94,-0.35,-0.66,-1.51,-2.34,-2.65,-1.92,-0.03,0.10,-0.94,-0.43,-1.12,0.00,-0.72,0.23,-0.01,-0.85,0.16,0.15,-2.31,-0.74,-0.57,-0.85,-0.31,0.07,-0.56,0.93,-0.32,1.47,0.71,0.17,0.61,0.48,0.08,0.25,1.07,-0.28,0.33,0.48,0.03,0.57,0.16,0.34,-0.96,0.26,0.26,-4.14,1.02,0.64,1.43,1.41,0.63,0.57,0.42,0.51,0.23,0.51,-0.67,0.18,0.48,-0.04,-0.43,-0.39,-0.57,-0.63,-0.80,-1.04,-0.96,-0.92,-0.50,-0.81,0.21,-1.46,0.06,-0.56,-0.16,0.10,-0.10,-0.14,-0.58,-0.06,-0.11,-0.40,-0.11,-0.52,-0.17,-0.02,-0.42,0.01,-0.49,0.25,0.08,-0.22,-0.65,0.02,-0.93,0.01,-0.27,-0.61,-0.74,-0.36,0.21,-0.30,-0.06,-0.99,-0.49,-0.43,-0.48,-0.66,-0.01,0.01,-1.12,-0.93,-0.44,-0.64,-0.51,-0.07,-0.68,-0.16,-0.19,-0.27,-0.31,0.28,-0.03,-0.19,-0.59,-0.63,-0.28,-0.13,-0.34,0.20,-0.03,-0.83,-1.32,0.65,NA,NA,NA,NA,NA,NA,NA,NA,NA,NA,NA,NA,NA,-0.15,-0.97,0.71,-0.13,0.09,1.14,1.48,-0.02,0.43,0.19,0.42,0.16,1.48,-0.43,-0.20,0.13,-0.09,0.01,0.16,0.32
N2_D3_2,N2,1,1,3,-1.75,0.02,-0.43,-1.47,-1.83,-1.95,-1.56,-0.45,0.11,-1.81,-0.10,-1.55,0.07,-0.55,0.14,-0.17,-0.92,0.46,0.50,-2.14,-0.58,-0.33,-0.39,-0.30,0.16,-0.70,0.94,1.15,1.03,1.19,0.43,0.10,1.26,0.40,0.73,0.67,1.06,-0.47,0.77,-0.20,-0.49,0.82,0.49,0.47,-0.80,-0.62,-0.92,-0.52,0.68,0.95,0.91,0.09,1.20,0.67,0.63,-0.70,-0.31,-0.88,0.48,1.26,0.55,-0.69,0.10,0.77,-0.65,-0.66,0.94,0.70,0.99,-1.15,2.51,1.31,1.59,0.37,1.17,1.13,-0.08,0.95,1.03,1.60,0.70,0.72,1.03,0.95,1.25,1.44,0.26,-0.04,0.22,0.61,0.53,0.27,0.75,1.31,0.52,0.88,1.10,-0.13,0.40,0.31,0.63,0.92,0.58,0.36,-0.52,0.40,-0.10,-0.47,0.52,-0.03,0.65,-1.63,-1.39,-0.07,0.29,0.89,-0.99,-1.01,-0.91,-0.23,-0.24,-0.39,-0.15,0.50,0.92,-0.26,0.01,0.12,0.35,0.35,0.02,0.64,0.79,-0.71,0.00,NA,NA,NA,NA,NA,NA,NA,NA,NA,NA,NA,NA,NA,0.36,-0.26,0.39,0.28,0.42,1.09,1.66,0.08,0.47,0.29,0.75,0.97,1.23,-0.90,0.11,0.29,0.01,-0.16,0.56,0.75
N2_D3_3,N2,1,1,3,-2.14,-0.16,-0.62,-1.93,-2.68,-2.95,-1.94,-0.23,-0.08,-1.36,-0.38,-1.29,-0.01,-1.23,-0.34,-0.47,-0.35,-0.17,-0.47,-2.75,-1.26,-1.15,-0.62,-0.28,-0.46,-0.92,1.35,1.17,1.34,1.04,1.23,0.47,1.48,0.49,0.75,1.12,1.06,-0.15,0.95,0.28,-0.03,0.94,0.40,0.68,-0.23,-0.34,-0.01,-0.42,0.44,1.25,1.11,0.48,1.34,0.98,0.94,-0.25,0.20,0.26,0.82,1.48,0.16,-1.04,-0.37,0.30,-1.05,-1.17,0.22,-0.12,0.58,-1.48,1.07,0.01,0.63,-1.08,0.12,-0.17,-1.21,-0.20,0.00,0.40,-0.36,-0.44,0.01,-0.09,-0.04,0.39,-0.86,-0.76,-0.78,-0.48,-0.53,-0.26,-0.36,0.11,-0.25,-0.20,0.03,-0.84,-0.53,-0.69,-0.36,-0.13,-0.14,-0.23,-0.67,-0.73,-0.98,-1.28,-0.47,-0.56,0.36,-2.20,-1.32,-0.38,0.07,0.60,-0.60,-0.63,-0.76,-0.35,-0.45,-0.54,-0.21,0.33,0.77,-0.41,0.30,-0.06,0.09,-0.03,-0.22,0.83,0.66,-1.22,0.11,NA,NA,NA,NA,NA,NA,NA,NA,NA,NA,NA,NA,NA,0.04,-0.49,0.15,0.00,0.31,0.88,1.23,-0.15,0.36,0.19,0.44,0.89,1.33,-0.74,0.13,0.10,0.23,-0.15,0.44,0.53
age1_D3_1,age1,2,1.5,3,-2.45,0.00,0.49,-2.97,-2.48,-2.62,-1.91,-0.01,0.16,-0.33,0.11,0.06,-0.02,0.15,0.12,-0.05,0.15,-0.90,-0.32,-1.37,-0.36,-0.24,0.43,0.05,-0.07,-0.06,0.04,1.71,-0.19,0.85,0.05,0.02,0.96,-0.02,0.48,0.85,1.37,-0.56,0.49,-0.54,-0.30,1.78,1.01,1.30,-0.64,-0.97,4.71,-0.45,0.11,-0.53,-0.43,-0.03,0.89,0.01,0.11,-1.06,-0.74,0.47,0.06,0.96,-0.92,-4.47,-1.94,-2.53,-4.23,-3.26,-1.76,-2.09,-1.87,-4.67,1.30,0.28,0.74,-0.45,0.71,0.55,-0.86,0.08,0.50,0.93,0.02,-0.02,0.58,0.69,0.75,0.50,-0.39,-0.59,-0.57,0.02,0.02,0.35,0.75,0.71,-0.59,0.59,-0.04,-0.54,-0.09,-0.30,0.29,0.21,-0.26,-0.31,-0.62,-0.88,-0.60,-0.45,0.28,-0.46,0.26,3.80,2.73,2.07,2.54,1.75,0.33,0.26,-0.23,0.57,0.66,1.21,0.27,1.11,1.49,-0.27,0.15,0.29,0.10,0.64,-0.32,0.15,1.09,1.84,-0.53,NA,NA,NA,NA,NA,NA,NA,NA,NA,NA,NA,NA,NA,0.02,-0.38,-0.61,-0.23,0.25,0.89,1.41,-0.41,0.23,0.37,0.72,0.29,-0.26,-1.00,-0.15,-0.20,-0.26,-0.44,0.02,0.49
age1_D3_2,age1,2,1.5,3,-2.19,-0.04,0.26,-2.65,-2.72,-2.99,-2.02,-0.04,0.23,-0.20,0.18,0.62,-0.13,-0.03,0.14,-0.22,0.20,-0.55,-0.40,-0.97,-0.18,0.36,0.13,0.12,0.03,0.06,-0.60,1.32,-0.84,0.37,0.02,0.04,0.64,-0.46,-0.05,0.55,0.99,-0.64,0.25,-0.83,-0.49,1.44,-1.04,0.87,-0.45,-0.84,0.61,-0.06,-0.17,-0.90,-0.92,-0.04,0.51,0.02,0.04,-1.06,-1.07,0.68,-0.32,0.64,-0.81,-4.23,-2.01,-2.69,-4.12,-3.63,-1.90,-2.21,-1.96,-4.52,1.50,0.22,0.66,-0.34,0.67,0.52,-0.87,0.13,0.56,0.81,0.13,0.00,0.69,0.81,1.43,0.44,-0.28,-0.44,-0.49,0.04,0.06,0.45,0.80,0.74,-0.55,0.69,-0.09,-0.56,-0.10,-0.22,0.31,0.17,-0.36,-0.25,-0.57,-0.62,-0.71,-0.39,0.24,0.39,0.35,3.18,2.54,1.92,2.27,1.41,0.04,0.05,-0.69,0.19,0.24,0.90,-0.20,0.62,1.04,0.28,-0.24,-0.04,-0.35,0.80,-0.74,-0.87,0.37,1.04,-1.24,NA,NA,NA,NA,NA,NA,NA,NA,NA,NA,NA,NA,NA,-0.32,-0.31,-0.22,-0.21,0.17,0.85,1.29,-0.44,0.24,0.39,0.56,0.25,-0.27,-0.88,-0.21,-0.26,-0.33,-0.55,-0.04,0.35
age1_D3_3,age1,2,1.5,3,-2.40,-0.27,0.42,-1.97,-2.43,-2.72,-1.73,-0.03,-0.28,0.36,0.04,0.54,0.11,0.11,0.04,0.12,0.98,-0.58,0.02,-0.13,-0.65,-0.04,-0.01,0.42,-0.07,0.28,-0.52,1.18,-0.67,0.52,0.10,-0.28,0.33,-0.08,0.01,0.02,0.45,-0.64,0.01,-0.77,-0.94,0.70,0.50,0.45,-0.53,-0.66,-2.44,-0.14,-0.07,-0.75,-0.78,-0.33,0.17,-0.23,-0.15,-0.79,-1.03,0.42,-0.33,0.33,-0.01,-2.77,-1.57,-1.72,-2.48,-2.56,-1.18,-1.33,-1.17,-2.94,1.57,0.24,0.63,-0.50,0.80,0.45,-0.84,0.29,0.48,0.93,0.12,0.07,0.59,0.66,0.96,0.60,-0.33,-0.53,-0.51,0.06,-0.07,0.33,0.55,0.86,-0.42,0.71,0.07,-0.49,-0.05,-0.26,0.18,0.38,-0.14,-0.27,-0.57,-0.64,-0.80,-0.48,0.31,-0.05,0.00,3.12,2.15,1.88,2.01,1.61,-0.04,-0.07,-0.38,0.35,0.33,1.04,0.27,0.80,1.10,0.41,0.24,0.15,-0.05,0.65,-0.17,-0.01,1.09,1.23,-0.50,NA,NA,NA,NA,NA,NA,NA,NA,NA,NA,NA,NA,NA,-0.14,-0.24,-0.22,-0.02,0.42,1.32,0.86,-0.10,0.49,0.59,0.86,0.67,-0.11,-0.70,0.07,-0.20,0.02,-0.30,0.32,0.79
eat2_D3_1,eat2,3,1.2,3,-3.28,0.10,0.75,-2.94,-3.27,-3.61,-3.50,0.28,0.21,0.89,-0.06,0.39,0.06,0.07,0.13,-0.59,0.60,-0.68,-0.15,1.39,0.59,0.06,0.21,0.25,0.08,0.41,0.17,0.91,-0.10,0.85,0.37,-0.12,0.41,0.38,0.43,-0.08,0.46,-0.55,0.40,-0.06,-0.11,0.18,-1.04,0.23,-0.40,-0.18,-0.34,-0.36,0.03,0.13,0.10,-0.14,0.40,0.35,0.45,-0.41,0.08,0.51,0.03,0.41,0.89,-1.49,-0.88,-1.11,-1.08,-1.25,-0.48,-0.99,-0.95,-1.56,0.57,-0.46,0.57,-1.12,-0.05,-0.26,-1.29,-0.35,-0.20,0.03,-0.28,-0.26,0.07,-0.05,0.04,-0.13,-0.83,-0.46,-1.07,-0.37,-0.38,-0.22,0.05,0.03,-0.39,-0.14,-0.46,-0.76,-0.40,-0.74,-0.26,-0.45,0.07,-0.17,-0.39,-0.87,-0.73,-1.05,-0.37,0.19,0.18,0.19,-0.36,-0.45,-0.21,-0.46,-1.42,-1.39,-2.32,-1.70,-1.62,-1.22,-1.62,-1.32,-1.11,-1.12,-1.67,-1.62,-2.10,-0.77,-1.26,-1.54,-0.14,-0.02,-1.63,NA,NA,NA,NA,NA,NA,NA,NA,NA,NA,NA,NA,NA,-0.12,-0.17,-0.20,-0.08,0.04,0.34,0.63,-0.15,0.36,0.24,0.28,-0.07,-0.28,-0.58,-0.05,-0.26,-0.15,-0.10,-0.09,0.16
eat2_D3_2,eat2,3,1.2,3,-3.18,-0.25,0.64,-3.26,-3.27,-3.63,-3.37,0.45,0.23,0.55,-0.28,0.63,0.13,0.52,-0.24,-1.57,-0.05,-0.66,-0.37,1.74,0.46,0.26,0.55,0.42,0.10,0.50,0.20,1.15,0.51,1.31,0.52,0.17,0.53,0.56,0.56,-0.13,-0.13,-0.22,0.76,0.17,0.00,0.38,-1.23,-0.19,-0.17,0.22,-2.33,0.30,0.27,0.46,0.27,0.02,0.60,0.81,0.75,0.00,0.36,1.18,0.30,0.53,1.68,-0.45,-0.39,-0.90,-0.10,-0.51,-0.29,-0.84,-0.90,-0.54,0.80,-0.11,0.84,-0.66,0.43,0.31,-0.90,0.02,0.27,0.47,0.07,0.10,0.47,0.44,0.49,0.22,-0.32,-0.33,-0.55,0.14,0.02,0.22,0.43,0.44,-0.03,0.15,0.02,-0.27,0.05,-0.35,0.26,0.07,0.15,0.24,-0.03,-0.71,-0.26,-0.66,0.02,0.22,0.04,0.39,-0.47,-0.28,0.17,-0.06,-1.35,-1.24,-2.15,-1.21,-1.28,-0.90,-1.16,-0.98,-0.92,-1.02,-1.22,-1.31,-1.81,-0.89,-0.76,-1.21,0.21,0.13,-1.09,NA,NA,NA,NA,NA,NA,NA,NA,NA,NA,NA,NA,NA,-0.35,-0.28,-0.36,-0.26,0.05,0.28,0.62,-0.15,0.29,0.26,0.41,-0.04,0.33,-0.52,-0.02,-0.13,-0.23,-0.03,0.00,-0.01
eat2_D3_3,eat2,3,1.2,3,-2.85,-0.13,0.57,-3.04,-3.44,-3.92,-3.51,-0.12,0.01,0.10,-0.39,0.47,-0.04,0.32,-0.40,-1.15,0.05,-0.53,0.10,1.77,0.62,-0.23,-0.10,0.11,-0.09,0.35,0.11,1.20,0.00,1.22,0.55,-0.02,0.48,0.31,0.39,-0.18,-0.13,-0.64,0.54,0.16,-0.14,0.39,-1.36,-0.20,-0.43,-0.18,-1.24,0.54,0.09,0.36,0.36,0.05,0.58,0.72,0.65,-0.05,0.36,0.92,0.19,0.48,1.47,-0.64,-0.52,-0.99,-0.26,-0.82,-0.31,-1.05,-0.66,-0.52,1.05,0.01,0.92,-0.68,0.47,0.38,-0.96,0.06,0.27,0.47,0.07,0.07,0.59,0.51,0.46,0.28,-0.37,-0.23,-0.53,0.06,0.00,0.15,0.40,0.45,-0.05,0.32,0.02,-0.34,0.02,-0.33,0.09,0.07,0.18,0.02,0.03,-0.53,-0.41,-0.49,0.00,0.23,0.11,0.31,-0.38,-0.27,0.02,-0.12,-1.51,-1.47,-2.26,-1.25,-1.40,-1.00,-1.29,-1.00,-0.91,-1.14,-1.40,-1.38,-1.71,-0.49,-0.58,-0.85,0.50,0.31,-0.96,NA,NA,NA,NA,NA,NA,NA,NA,NA,NA,NA,NA,NA,-0.07,-0.05,-0.16,-0.02,0.28,0.50,1.00,-0.08,0.38,0.45,0.59,0.24,-0.13,-0.43,0.09,-0.04,-0.02,0.01,0.14,0.37
mev1_D3_1,mev1,4,0.7,3,-4.69,-0.28,-0.57,-4.15,-4.61,-4.62,-4.18,-0.43,0.17,-0.33,-0.60,-0.25,0.11,-0.13,-0.45,-3.07,-0.02,-4.75,-0.91,0.66,-0.42,-0.85,-0.31,-0.48,0.00,-0.24,0.52,1.26,0.22,0.67,1.05,1.61,1.39,0.20,1.76,1.65,2.06,0.04,0.81,1.58,1.32,1.48,1.42,2.75,-0.59,-0.53,-0.10,1.63,1.07,0.44,0.74,1.38,1.32,0.76,0.62,-0.55,0.21,2.38,0.62,1.39,-0.65,-0.97,-0.01,0.39,-1.45,0.21,0.03,0.34,0.73,-2.75,-0.07,-1.85,-0.33,-2.37,-0.85,-1.24,-2.00,-1.04,-0.55,0.17,-0.66,-0.95,-0.16,-0.36,0.54,-0.15,-0.49,-0.61,-1.53,-0.03,0.01,0.13,-0.73,0.36,-0.61,-0.32,-0.91,-0.32,-0.24,-1.06,0.52,0.24,-0.34,0.36,-0.06,-1.08,0.25,-0.76,-0.48,1.34,0.46,-2.40,-1.92,-0.74,-0.09,1.06,0.61,0.67,-0.58,-0.04,-0.18,0.00,0.60,0.99,0.52,-0.14,0.85,0.42,1.05,-0.24,-2.75,-0.66,-0.58,-1.70,-1.26,NA,NA,NA,NA,NA,NA,NA,NA,NA,NA,NA,NA,NA,-1.63,-1.69,-1.91,-1.41,-0.95,-0.26,0.08,-1.09,-0.34,-0.74,-0.46,-0.85,-0.14,-0.97,-0.09,-0.50,-1.09,-0.89,-1.18,0.23
mev1_D3_2,mev1,4,0.7,3,-4.77,0.00,-0.34,-3.39,-4.19,-4.31,-3.93,-0.06,0.17,-0.31,0.11,-0.27,0.07,-0.39,-1.46,-2.81,0.28,-4.62,-0.70,1.14,-0.51,-0.75,-0.36,-0.06,-0.02,-0.20,0.68,1.75,0.36,0.93,1.20,1.84,1.63,0.55,1.62,1.69,2.01,0.36,1.04,1.92,1.45,1.76,1.76,2.68,-0.04,-0.35,2.16,1.97,0.83,0.48,0.44,1.84,1.72,1.04,0.92,-0.47,0.52,3.20,0.94,1.63,-0.65,-0.90,0.00,0.25,-1.46,0.21,0.03,-0.08,0.56,-1.61,-0.24,-2.07,-0.43,-2.68,-1.09,-1.40,-2.28,-1.21,-0.67,-0.04,-1.21,-1.10,-0.43,-0.57,0.22,-0.46,-0.87,-0.77,-1.52,-0.38,-0.40,-0.02,-0.82,0.09,-0.84,-0.52,-1.19,-0.70,-0.53,-1.33,0.19,0.03,-0.21,0.23,-0.42,-1.37,-0.05,-1.03,-0.61,0.56,-0.05,-2.89,-2.71,-1.23,-0.56,0.53,0.41,0.39,-1.05,-0.52,-0.60,-0.50,-0.03,0.48,0.03,-0.58,0.72,-0.15,0.61,-0.49,-3.17,-1.03,-0.69,-1.90,-1.45,NA,NA,NA,NA,NA,NA,NA,NA,NA,NA,NA,NA,NA,-1.83,-2.02,-2.15,-1.77,-1.27,-0.59,-0.11,-1.37,-0.67,-0.90,-0.80,-1.22,-0.38,-1.12,-0.42,-0.78,-1.30,-1.04,-1.44,-0.12
mev1_D3_3,mev1,4,0.7,3,-4.76,-0.19,-0.77,-3.72,-4.29,-4.13,-3.69,-0.62,-0.36,-0.42,-0.33,-0.95,0.14,-0.45,-0.69,-3.15,-0.56,-5.37,-0.82,0.83,-0.76,-0.56,-0.15,-0.20,-0.46,-0.57,0.46,1.06,0.16,0.61,0.85,1.33,1.18,0.02,1.65,1.50,1.91,0.13,0.73,1.74,1.25,1.60,1.28,2.84,-0.45,0.06,0.27,0.92,0.55,0.08,0.06,1.22,1.27,0.55,0.48,-0.74,-0.04,1.86,0.52,1.18,-0.68,-1.03,0.08,0.64,-1.64,0.10,0.43,0.42,0.93,-1.94,-0.20,-1.76,-0.35,-2.57,-1.05,-1.06,-1.99,-0.85,-0.44,0.22,-0.68,-0.77,-0.19,-0.26,0.65,-0.02,-0.43,-0.33,-1.19,0.06,0.01,0.28,-0.67,0.48,-0.35,-0.77,-0.74,-0.30,-0.19,-0.82,0.55,0.40,-0.24,0.54,-0.04,-0.91,0.27,-0.57,-0.27,0.73,0.50,-2.42,-2.18,-0.75,-0.07,1.03,0.34,0.35,-0.43,-0.01,-0.18,-0.10,0.40,0.94,0.57,-0.15,1.04,0.34,1.23,-0.08,-2.36,-0.31,0.01,-1.45,-0.94,NA,NA,NA,NA,NA,NA,NA,NA,NA,NA,NA,NA,NA,-1.12,-1.44,-2.02,-1.26,-0.69,-0.22,0.28,-1.03,-0.13,-0.42,-0.13,-0.57,0.25,-1.03,0.09,-0.76,-0.86,-0.66,-0.90,0.32
N2_D5_1,N2,1,1,5,0.58,0.02,-1.26,-0.06,0.68,0.83,0.69,-0.29,-0.35,-0.33,0.20,-0.63,0.06,-0.31,0.14,0.44,-0.36,1.18,0.11,-3.26,0.18,0.15,-0.18,-0.35,0.21,-0.44,0.69,-0.83,1.36,0.58,0.35,0.32,0.28,0.08,0.19,1.11,0.10,0.30,0.41,-0.16,0.47,-0.13,-0.07,-0.48,-0.12,0.16,-2.02,-0.32,0.69,1.14,0.81,0.31,0.28,0.29,0.34,-0.09,0.15,-1.05,-0.16,0.28,0.17,-0.10,0.27,0.86,-0.10,-0.20,0.13,0.12,0.10,-0.22,-0.29,0.55,-0.96,0.33,-0.12,0.12,0.34,0.12,0.17,-0.31,0.18,0.19,-0.10,0.15,-0.21,0.10,0.26,-0.06,0.39,-0.11,0.55,0.41,0.11,-0.24,0.33,-0.37,0.26,-0.02,-0.14,-0.60,-0.05,0.56,-0.16,0.08,-0.18,-0.12,-0.16,-0.04,-0.22,-0.02,0.22,-1.82,0.15,0.59,0.45,0.59,0.93,0.86,1.22,0.68,0.76,0.92,1.28,1.02,0.99,0.48,0.17,0.85,0.98,0.86,0.51,0.23,-0.66,-0.78,0.75,-0.23,0.25,-0.90,0.08,0.25,-0.12,0.09,-0.29,-0.21,-0.39,-0.37,-0.27,0.26,-0.02,-0.86,0.77,-0.12,0.12,-0.33,-1.35,-0.01,-0.24,0.04,-0.22,0.32,0.06,-0.32,-0.19,-0.04,0.61,0.04,0.15,-0.42
N2_D5_2,N2,1,1,5,0.10,0.08,-1.01,-0.35,0.48,0.71,0.19,-0.24,0.09,-0.62,-0.01,-0.48,-0.09,-0.69,-0.46,0.37,-0.65,0.70,-0.33,-3.15,-0.60,-0.38,-0.40,-0.08,0.00,-0.51,0.82,-0.26,1.47,0.56,0.14,0.40,0.32,0.15,0.35,1.03,0.03,0.28,0.37,-0.03,0.55,-0.02,0.26,-0.58,0.05,-0.06,-2.19,-0.02,0.69,1.20,0.93,0.44,0.36,0.38,0.43,-0.15,0.15,-1.27,-0.04,0.32,0.02,-0.43,-0.10,0.10,-0.49,-0.63,-0.58,-0.45,-0.58,-0.13,-0.47,0.35,-1.35,0.11,-0.36,-0.12,0.23,-0.15,-0.04,-0.49,0.01,0.11,-0.21,-0.10,-0.36,-0.01,0.01,-0.38,0.08,-0.29,0.31,0.22,-0.08,-0.46,0.18,-0.75,0.05,-0.22,-0.35,-0.53,-0.33,0.31,-0.26,0.07,-0.55,-0.24,-0.33,-0.19,-0.58,-0.30,0.12,-1.96,0.17,0.52,0.47,0.53,0.90,0.96,1.21,0.66,0.63,0.76,1.19,0.89,0.87,0.21,0.31,0.79,0.98,0.61,0.84,0.61,-0.35,-0.48,0.97,-0.25,0.23,-0.49,0.18,0.23,-0.24,0.01,-0.16,-0.08,-0.53,-0.37,-0.25,-0.09,-0.26,-0.90,-0.02,-0.14,-0.12,-0.28,-1.05,0.00,-0.24,0.06,-0.35,0.18,-0.05,-0.43,-0.25,-0.08,0.46,-0.04,0.08,-0.67
N2_D5_3,N2,1,1,5,0.09,-0.05,-1.53,0.17,0.57,0.96,0.24,-0.14,-0.30,-0.79,-0.13,-1.25,-0.02,-0.23,0.53,0.57,-0.40,0.74,0.34,-3.16,0.02,-0.24,-0.21,-0.18,-0.37,-0.34,1.31,1.33,0.87,0.94,-0.23,0.14,1.26,0.55,0.86,1.36,2.25,-0.17,1.14,0.31,0.57,1.00,-0.28,1.44,-0.44,-0.47,0.03,0.35,0.50,0.73,0.91,0.12,1.06,0.79,0.87,-0.35,-0.03,-0.12,0.87,1.26,0.40,-0.75,0.48,1.56,-0.87,-0.83,1.53,1.24,1.73,-0.98,1.90,0.86,1.54,-0.16,0.93,0.70,-0.52,0.61,0.89,1.45,0.37,0.37,0.81,0.74,0.86,1.29,0.06,0.01,0.12,0.27,0.45,0.74,0.63,1.12,0.51,0.78,0.99,0.00,0.24,-0.02,0.51,1.05,0.54,0.04,0.02,0.17,-0.04,-0.18,0.50,-0.03,0.51,-0.83,0.71,0.85,0.83,0.77,1.23,1.19,1.58,2.06,1.97,1.68,2.16,1.63,1.75,1.45,1.83,1.64,2.16,1.74,-0.08,0.82,1.04,-0.58,0.41,0.69,1.16,0.58,0.76,1.16,0.64,0.32,-0.44,0.25,-0.13,0.09,-0.01,0.67,0.41,-1.16,1.06,0.21,0.39,-0.28,1.67,-0.12,-0.09,0.39,-0.12,0.31,-0.05,-0.60,0.07,0.38,0.35,0.04,0.74,1.13
age1_D5_1,age1,2,1.5,5,0.09,-0.04,-0.56,0.83,0.57,0.49,0.86,-0.65,0.42,-0.14,0.04,-0.33,0.15,-0.35,-0.02,0.48,0.19,0.07,0.63,-2.24,-0.44,0.30,0.14,-0.04,0.12,-0.28,1.07,0.15,0.98,0.66,0.15,-0.12,0.51,0.24,0.39,0.29,-0.66,-0.03,0.29,0.16,0.46,0.84,0.91,-1.02,0.01,0.01,-3.53,-0.75,0.67,0.57,0.97,-0.07,0.57,0.32,0.42,0.06,0.55,-2.32,0.50,0.51,0.56,0.25,0.35,-0.12,0.07,0.06,0.70,0.55,-0.17,0.09,0.09,0.33,0.14,-0.30,0.37,0.30,-0.08,0.24,0.47,-0.10,0.13,0.23,0.19,0.16,-0.04,0.28,0.36,0.33,0.33,0.25,0.29,0.13,0.19,-0.20,0.62,0.53,0.38,0.48,0.54,-0.38,0.28,0.10,0.38,0.06,0.69,0.26,0.27,0.82,0.75,0.02,0.03,-1.47,-0.44,0.48,0.29,0.45,0.66,0.61,1.24,1.01,1.01,0.83,0.97,0.87,1.05,1.32,0.86,1.24,1.00,0.95,0.96,-0.06,-0.14,-0.71,0.34,0.55,0.53,0.80,0.52,0.53,0.69,0.45,0.01,0.18,0.97,0.44,0.01,0.61,0.22,0.17,-0.24,0.16,0.39,-0.10,-0.68,0.09,0.22,0.10,0.37,0.64,1.26,0.08,0.13,0.24,0.31,0.34,0.25,-0.26
age1_D5_2,age1,2,1.5,5,-0.24,0.09,-0.10,0.17,0.20,0.05,0.51,-0.14,-0.30,-0.02,-0.08,-0.11,0.05,-0.06,0.03,0.31,-0.22,0.19,0.46,-1.90,0.18,-0.31,-0.63,-0.15,0.33,-0.21,1.13,-0.01,0.90,0.63,0.05,0.02,0.40,0.26,0.48,0.47,-0.81,-0.12,0.29,0.29,0.64,0.71,1.08,-1.00,0.17,0.00,-4.24,-1.48,0.77,0.86,1.01,0.04,0.53,0.33,0.47,0.23,0.54,-1.60,0.75,0.40,0.53,0.36,0.27,-0.26,0.07,0.14,0.46,0.40,-0.27,-0.11,0.17,0.29,-0.02,-0.33,0.26,0.31,-0.16,0.19,0.42,-0.16,0.15,0.23,0.20,0.17,0.10,0.39,0.29,0.44,0.54,0.11,0.32,0.19,0.22,-0.28,0.56,0.50,0.34,0.47,0.56,-0.17,0.23,0.01,0.40,0.30,0.70,0.25,0.42,1.01,0.75,-0.02,0.21,-1.80,-0.71,0.13,-0.05,0.02,0.53,0.52,1.02,0.68,0.75,0.63,0.71,0.48,0.54,1.12,0.58,0.90,0.71,0.55,0.88,-0.33,-0.19,-0.82,0.11,0.16,0.14,-0.51,0.39,0.14,0.32,0.15,0.07,0.07,0.72,0.13,-0.17,0.28,0.16,0.18,-0.28,0.02,0.31,-0.18,-0.72,-0.01,0.07,0.13,0.23,0.52,1.69,0.15,0.08,0.20,0.28,0.34,0.15,-0.49
age1_D5_3,age1,2,1.5,5,0.34,0.45,0.01,0.99,0.78,0.89,1.21,0.41,0.09,-0.44,0.17,-0.60,0.20,-0.13,0.23,0.49,0.36,0.22,0.81,-1.89,-0.04,-0.30,-0.66,0.02,0.19,-0.12,1.23,0.10,0.56,0.77,0.25,-0.07,0.52,0.33,0.50,0.43,-0.85,0.03,0.27,0.33,0.62,0.70,1.01,-0.93,0.12,0.19,-2.52,-1.47,0.82,0.82,0.90,-0.01,0.58,0.55,0.36,0.01,0.64,-2.11,0.75,0.52,0.44,0.28,0.19,-0.18,-0.08,-0.08,0.64,0.35,-0.17,-0.16,0.54,0.61,0.30,-0.10,0.55,0.46,-0.01,0.40,0.66,0.27,0.27,0.37,0.36,0.31,0.33,0.61,0.43,0.56,0.70,0.35,0.49,0.34,0.47,0.02,0.73,0.76,0.57,0.58,0.77,-0.05,0.37,0.36,0.63,0.19,1.02,0.20,0.45,1.12,1.01,-0.52,0.06,-1.86,-0.56,0.15,-0.08,0.02,0.15,0.14,0.83,0.75,0.70,0.51,0.64,0.46,0.65,1.05,0.51,0.85,0.72,0.62,1.45,0.56,0.41,-0.36,0.77,0.46,0.53,0.64,0.64,0.53,0.76,0.55,-0.09,0.17,1.03,0.43,0.18,0.58,0.48,0.36,-0.06,0.19,0.58,0.15,-0.61,0.22,0.34,0.30,0.50,0.79,1.46,0.22,0.25,0.30,0.56,0.50,0.35,0.20
eat2_D5_1,eat2,3,1.2,5,-1.54,0.04,-0.17,-1.91,-1.05,-1.53,-1.75,0.00,-0.25,0.09,-0.15,0.15,0.14,-0.20,0.20,-1.02,-0.23,-0.91,-0.72,0.48,-0.07,-0.72,-0.65,-0.12,0.09,-0.21,0.87,-0.03,0.64,0.89,1.06,0.08,0.31,0.25,0.43,0.69,-0.14,-0.04,0.21,-0.09,0.15,0.17,0.78,-0.63,0.21,0.31,-2.72,-0.39,0.24,0.51,0.79,0.17,0.40,0.36,0.25,0.22,0.34,-0.32,0.55,0.31,0.10,0.09,-0.09,-0.40,0.30,-0.56,-0.52,-0.08,-0.78,0.02,-2.99,-0.46,-0.64,-0.83,-0.37,-0.25,-0.74,-0.37,-0.19,-0.62,-0.39,-0.48,-0.16,-0.08,0.36,-0.37,-0.46,-0.23,-0.27,-0.34,0.02,-0.19,-0.37,-0.64,-0.28,-0.62,-0.39,-0.43,-0.34,-0.49,-0.45,-0.45,-0.19,0.20,-1.72,-0.59,-0.03,-0.38,-0.48,0.46,-0.20,0.19,-0.36,-0.45,-0.21,-0.46,-1.42,-1.39,-2.32,-1.70,-1.25,-1.22,-1.28,-1.32,-1.11,-1.12,-1.67,-1.35,-2.10,-1.09,0.47,-0.31,-0.68,-1.29,-0.29,-0.85,-0.59,-0.63,-0.41,-0.59,-0.91,-0.92,-0.06,-0.86,-0.92,-0.97,-1.30,-1.60,-0.78,-0.88,-0.69,-0.42,-0.26,-0.74,-1.16,-0.43,-0.25,-0.13,-0.25,-0.44,-0.21,-0.43,-0.25,-0.35,-0.11,-0.39,-0.35,-1.39
eat2_D5_2,eat2,3,1.2,5,-2.04,-0.12,-0.17,-2.15,-1.32,-1.36,-1.93,0.16,-0.09,-0.40,0.05,-0.29,0.05,-0.34,-0.20,-1.50,-0.45,-0.78,-1.46,0.40,-0.07,-0.76,-0.56,-0.09,-0.04,-0.35,0.68,-0.34,0.55,0.49,0.74,0.13,-0.01,0.40,0.22,0.46,-1.05,-0.11,0.20,-0.10,0.09,-0.01,0.20,-0.77,0.09,0.12,-2.32,0.56,-0.28,0.48,0.63,0.15,0.35,0.35,0.30,0.08,0.30,-0.25,0.32,-0.01,0.03,-0.09,-0.37,-0.81,0.07,-0.62,-0.88,-0.64,-1.06,-0.11,-0.81,-0.51,-0.81,-0.93,-0.71,-0.33,-0.97,-0.57,-0.43,-0.61,-0.44,-0.54,-0.32,-0.18,-0.05,-0.62,-0.61,-0.40,-0.40,-0.50,-0.22,-0.39,-0.53,-0.75,-0.44,-0.82,-0.54,-0.57,-0.52,-0.92,-0.54,-0.53,-0.50,0.15,-0.84,-0.88,-0.79,-0.47,-0.75,0.55,-0.17,0.39,-0.47,-0.28,0.17,-0.06,-1.35,-1.24,-2.15,-1.21,-1.28,-0.90,-1.16,-0.98,-0.92,-1.02,-1.22,-1.31,-1.81,-0.60,0.17,-0.42,-0.98,-1.44,-0.32,-0.98,-0.87,-0.48,-0.52,-0.87,-1.02,-1.01,0.08,-1.06,-0.73,-1.04,-1.39,-1.65,-1.03,-1.18,-1.06,-0.70,-0.53,-1.06,-1.71,-0.65,-0.44,-0.32,-0.60,-0.97,-0.49,-0.48,-0.41,-0.43,-0.19,-0.61,-0.60,-1.68
eat2_D5_3,eat2,3,1.2,5,-1.32,-0.02,0.20,-1.86,-1.17,-1.66,-1.89,0.37,0.07,-0.18,-0.01,0.01,0.26,-0.08,-0.44,-1.15,-0.14,-0.58,-0.08,0.87,0.04,-0.01,-0.10,0.14,-0.45,-0.06,0.80,-0.12,0.83,0.50,0.95,0.12,0.24,0.26,0.24,0.42,-0.45,-0.21,0.30,-0.18,0.15,-0.02,0.77,-0.70,-0.07,0.12,-0.40,-0.34,-0.16,0.55,0.85,0.27,0.30,0.34,0.37,0.08,0.19,-0.25,0.52,0.24,0.11,0.08,-0.10,-0.62,0.16,-0.30,-0.55,-0.47,-0.92,0.25,-0.78,-0.60,-0.67,-0.97,-0.34,-0.36,-1.02,-0.49,-0.36,-0.65,-0.39,-0.56,-0.37,-0.34,-1.62,-0.59,-0.56,-0.33,-0.43,-0.43,-0.19,-0.36,-0.41,-0.76,-0.61,-0.86,-0.44,-0.49,-0.58,-0.85,-0.67,-0.60,-0.39,-0.02,-0.88,-0.85,-0.79,-0.82,-0.65,0.13,-0.08,0.31,-0.38,-0.27,0.02,-0.12,-1.51,-1.47,-2.26,-1.25,-1.40,-1.00,-1.29,-1.00,-0.91,-1.14,-1.40,-1.38,-1.71,-0.78,0.36,-0.26,-0.74,-1.16,-0.15,-1.15,-0.90,-0.79,-0.59,-0.90,-1.31,-1.21,0.21,-1.12,-1.14,-1.06,-1.61,-2.17,-1.18,-1.20,-1.07,-0.81,-0.70,-1.16,-2.31,-0.83,-0.46,-0.48,-0.78,-1.11,-0.73,-0.72,-0.58,-0.63,-0.46,-0.71,-0.74,-2.10
mev1_D5_1,mev1,4,0.7,5,-2.08,0.17,-0.40,-2.37,-1.80,-2.17,-1.27,-0.23,0.21,-0.07,-0.58,-0.42,0.03,-0.56,-0.28,-0.72,-0.05,0.51,-0.46,0.32,-0.71,-0.37,0.26,-0.30,0.08,-0.23,0.51,-0.29,0.32,0.00,-0.35,-0.12,0.47,0.21,0.36,0.02,0.41,-0.28,0.20,0.36,-0.42,-0.54,-0.48,-0.52,-0.74,0.08,-2.22,-0.64,-0.14,0.09,0.36,-0.06,0.28,0.43,0.33,-0.38,0.50,-0.35,-0.36,0.47,0.17,0.11,0.15,-0.34,-0.18,0.45,-0.48,-0.44,-0.77,-0.36,-2.43,-0.65,-0.56,-1.26,-0.69,-0.91,-1.13,-0.73,-0.62,-0.13,-0.49,-0.76,-0.36,-0.72,0.15,-0.13,-0.64,-0.37,-0.61,-0.22,-0.39,-0.10,-0.69,-0.25,-0.11,-0.97,-0.53,-0.81,-0.53,-0.47,-0.20,-0.25,-0.31,0.10,-0.22,-0.38,-0.17,-1.54,-1.01,0.27,0.30,-2.55,-1.62,-0.40,-0.10,0.16,0.42,0.41,-0.20,-0.16,-0.21,-0.04,0.33,0.39,-0.60,-0.08,1.02,-0.15,-0.01,-0.03,-0.41,0.17,0.01,-1.16,-0.48,-0.57,-0.67,-0.61,-0.73,-0.67,-0.31,-0.55,0.33,-0.25,-0.98,-0.78,-1.07,-1.11,-1.28,-1.30,-1.40,-1.19,-1.09,-0.63,-0.46,-1.25,-0.68,-1.16,-0.75,-0.60,-2.48,-0.91,-0.59,-0.63,-0.87,-0.51,-0.91,-0.97
mev1_D5_2,mev1,4,0.7,5,-1.92,-0.18,-0.42,-2.42,-1.93,-2.70,-1.16,-0.43,-0.34,-0.77,-0.58,-0.27,-0.12,-0.71,-0.73,-1.22,-0.46,-0.16,-0.70,0.13,-0.15,-0.74,0.20,0.12,-0.42,-0.38,0.52,-0.13,0.34,0.00,-0.49,-0.24,0.56,0.66,0.30,-0.01,0.11,-0.23,0.19,0.15,-0.39,-0.57,-0.15,-0.55,-0.53,0.20,-0.96,-0.22,0.01,0.43,-0.21,-0.07,0.40,0.40,0.33,-0.43,0.46,-0.37,-0.06,0.56,0.10,0.29,0.03,-0.32,0.11,0.45,-0.37,-0.39,-0.63,-0.72,-0.10,-0.74,-0.26,-1.33,-0.94,-0.72,-1.19,-0.50,-0.36,-0.06,-0.53,-0.44,0.02,-0.59,0.40,0.06,-0.31,-0.05,-0.30,-0.27,-0.19,0.07,-0.55,-0.20,-0.04,-1.24,-0.22,-0.54,-0.27,-0.05,0.01,-0.14,-0.16,0.22,0.27,0.06,-0.07,-0.72,-0.53,0.96,0.67,-2.42,-1.87,-0.37,-0.25,0.03,0.56,0.61,0.02,0.09,0.15,0.11,0.20,0.32,-0.37,0.42,-0.26,0.27,0.16,0.11,-1.03,-0.26,-0.52,-1.52,-0.84,-0.50,-0.68,-0.55,-0.63,-0.68,-0.13,-0.35,0.73,-0.28,-0.57,-0.21,-0.79,-1.94,-1.02,-1.02,-0.99,-1.11,-0.69,-0.53,-0.61,-0.95,-0.29,-0.98,-0.65,-0.62,-1.99,-0.69,-0.44,-0.49,-0.61,-0.47,-0.51,-1.11
mev1_D5_3,mev1,4,0.7,5,-2.48,-0.28,-0.07,-2.14,-1.46,-2.11,-0.96,-0.65,-0.07,-0.52,0.12,-2.09,-0.10,-0.52,-0.60,-0.77,-0.34,-0.09,-1.03,-0.12,-0.01,-0.63,-0.36,0.00,0.12,-0.39,0.54,-0.47,0.22,-0.05,-1.18,-0.07,0.44,0.26,0.33,-0.16,0.22,-0.28,0.22,0.60,-0.42,-0.77,-0.13,-0.63,-0.68,-0.07,-0.45,0.20,0.10,0.20,0.03,0.02,0.50,0.47,0.28,-0.67,0.35,-0.28,-0.26,0.44,0.19,0.28,0.13,-0.26,0.08,0.46,-0.74,-0.47,-0.74,-0.86,-3.05,-0.61,-0.43,-1.11,-0.98,-0.76,-0.98,-0.59,-0.46,-0.08,-0.39,-0.48,-0.20,-0.67,0.22,-0.01,-0.47,-0.28,-0.45,-0.20,-0.19,0.02,-0.69,-0.27,0.10,-0.96,-0.32,-0.60,-0.32,-0.23,0.06,-0.24,-0.22,0.12,0.11,-0.12,-0.04,-1.58,-0.56,0.66,0.79,-2.25,-1.38,-0.11,-0.20,0.23,0.47,0.49,0.00,0.14,0.10,0.25,0.44,0.53,-0.20,0.16,1.12,0.01,0.30,-0.01,-0.70,-0.15,-0.33,-1.36,-0.67,-0.36,-0.38,-0.50,-0.48,-0.38,-0.42,-0.55,0.55,-0.07,-0.66,-0.40,-0.85,-0.90,-0.73,-0.90,-1.10,-0.92,-0.87,-0.31,-0.11,-0.80,-0.44,-0.86,-0.43,-0.53,-2.00,-0.59,-0.28,-0.32,-0.68,-0.25,-0.51,-0.69
N2_D10_1,N2,1,1,10,0.76,0.03,-0.37,0.82,0.81,0.97,0.82,0.16,0.10,-0.52,-0.18,-0.62,-0.13,0.12,-0.35,0.14,-0.12,-0.18,-0.78,-2.21,-0.12,-0.51,-0.97,-0.19,0.15,-0.25,-3.71,-2.62,-0.64,-1.96,-2.43,0.65,-0.93,-0.30,-1.08,-1.99,-2.38,1.56,0.14,0.23,0.38,-0.34,0.35,-0.83,0.87,1.14,-2.37,0.43,0.48,-1.44,-1.13,0.72,-0.92,0.20,0.16,0.74,1.16,0.17,0.09,-0.93,-2.49,-0.72,-0.73,-1.83,-0.81,-0.15,-0.95,-0.26,-1.24,0.28,-1.48,-0.05,-1.78,1.88,0.03,0.24,1.54,0.74,-0.84,-1.38,0.37,0.37,-0.57,-1.01,-1.30,-1.07,-0.01,-0.25,-0.12,-0.78,-0.88,-0.83,-0.08,-0.62,-0.21,-0.23,-0.70,-0.63,-0.76,0.75,-0.59,-0.76,-0.35,-0.71,-0.41,-1.03,0.00,-0.20,-0.33,-1.03,-0.83,-2.21,1.52,0.62,-0.93,-1.15,0.29,0.32,0.33,0.35,0.61,-0.14,-0.02,-0.15,-0.59,-0.20,0.30,-0.16,0.00,-0.31,-0.60,0.66,-0.38,-0.68,0.13,0.82,0.15,0.66,-0.36,0.15,0.60,-0.26,-0.70,-0.02,0.14,-0.40,0.93,0.79,-0.43,0.75,1.48,1.06,-0.29,-0.71,-4.83,0.79,-0.02,-0.54,-0.06,-1.28,0.77,0.31,-0.28,-0.14,0.00,0.27,-0.26,-0.17
N2_D10_2,N2,1,1,10,0.62,0.23,-0.20,0.99,0.72,1.05,0.78,-0.22,-0.09,-0.62,0.03,-0.44,0.04,0.04,-0.41,0.06,0.09,0.04,-0.81,-2.01,-0.29,-0.59,-0.55,-0.24,-0.45,-0.30,-2.87,-3.13,-1.49,-1.95,-2.39,0.53,-1.02,-0.43,-0.82,-1.63,-0.93,1.12,0.15,0.20,0.42,-0.68,0.70,-0.30,0.64,1.02,-1.65,0.98,0.53,-1.14,-0.99,0.55,-1.05,-0.06,-0.05,0.55,0.85,-0.16,0.00,-1.02,-2.48,-0.86,-0.55,-0.89,-0.96,-0.01,-0.15,-0.02,-0.47,-0.05,-1.09,-0.26,-1.76,1.53,-0.24,-0.08,1.44,0.45,-1.15,-1.61,0.17,0.15,-0.80,-1.34,-0.18,-1.23,-0.21,-0.40,-0.33,-1.06,-1.28,-1.07,-0.35,-0.86,-0.32,-0.36,-0.84,-0.91,-1.14,0.56,-0.94,-1.08,-0.38,-0.98,-2.41,-1.09,-0.17,-0.45,-0.58,-1.19,-0.88,-2.62,1.38,0.53,-0.96,-0.80,0.24,0.28,0.34,0.49,0.38,-0.30,-0.11,-0.19,-0.55,-0.36,0.36,-0.43,-0.15,-0.13,0.18,0.90,0.00,-0.43,0.18,0.72,-0.04,0.15,-0.48,-0.04,-0.13,-0.34,-0.88,-0.13,0.12,-0.52,0.89,0.80,-0.47,0.82,1.45,1.02,-0.32,-0.85,-0.92,0.79,-0.15,-0.52,-0.22,-0.42,-1.11,0.30,-0.40,-0.20,-0.19,0.29,-0.16,-0.17
N2_D10_3,N2,1,1,10,0.97,-0.59,-0.41,0.54,0.49,1.06,1.10,0.16,-0.33,-0.40,0.06,-1.12,-0.16,0.01,0.27,0.14,0.08,-0.04,-1.08,-2.19,0.04,-0.97,-0.89,0.12,0.16,-0.06,-1.80,-2.36,-0.79,-1.81,-0.68,0.69,-0.62,-0.06,-0.63,-1.55,0.18,1.46,0.32,0.36,0.71,-0.57,0.98,0.36,0.60,1.10,-1.33,-5.81,0.95,-1.05,-0.96,0.56,-0.97,0.26,0.23,0.72,0.78,-0.33,0.30,-0.62,-1.93,-0.52,0.32,0.37,-0.31,-0.44,0.81,1.22,0.61,0.27,-3.28,-0.05,-1.63,1.82,-0.01,0.19,1.54,0.69,-0.92,-1.33,0.25,0.40,-0.66,-0.93,-0.09,-1.00,-0.11,-0.12,-0.21,-0.86,-1.13,-0.91,-0.86,-0.54,-0.11,-0.09,-0.71,-0.67,-0.88,0.35,-0.56,-0.75,-0.15,-1.20,-2.45,-0.90,-0.04,-0.30,-0.34,-1.16,-1.11,-1.92,1.77,0.81,-0.78,-0.28,0.23,0.26,0.70,0.70,0.69,0.01,-0.01,0.02,-0.31,-0.09,0.64,-0.12,0.23,-0.03,-0.18,0.48,-0.61,-0.84,-0.14,1.01,0.16,0.47,-0.26,0.16,-0.07,-0.32,-1.10,0.16,0.46,-0.17,1.22,1.13,-0.36,0.93,1.42,0.98,-0.39,-0.87,-0.81,0.68,-0.17,-0.58,-0.17,-0.25,-1.35,0.33,-0.37,-0.26,-0.13,0.37,-0.16,0.19
age1_D10_1,age1,2,1.5,10,-0.48,-0.12,-0.65,-0.27,-0.47,-0.21,0.21,0.25,-0.19,-0.71,-0.11,-0.37,0.11,-0.07,0.04,1.71,-0.81,-0.46,-0.09,-0.93,-0.12,-0.26,-0.28,0.10,-0.58,-0.26,0.71,0.24,0.69,0.26,1.64,0.17,-0.24,0.34,0.46,0.21,-0.49,0.04,-0.15,-0.10,0.25,-0.65,0.12,-2.32,0.12,-0.21,-2.93,-0.25,0.61,1.17,0.66,0.27,0.12,0.01,-0.02,-0.26,-0.30,-1.43,0.02,-0.24,-0.18,0.00,0.13,-0.53,-0.33,-0.25,-0.90,-0.72,-0.39,-0.28,-1.45,0.36,-0.50,-0.13,-0.16,0.13,0.12,-0.01,0.05,-0.35,0.24,0.01,-0.19,0.25,0.28,-0.36,0.28,-0.25,0.09,-0.15,0.15,0.04,-0.24,-0.15,-0.13,-0.37,-0.33,0.16,0.11,-0.22,0.01,-0.28,-0.35,0.15,0.16,0.19,-0.11,-0.08,-0.30,-0.16,-0.31,-1.65,-1.20,-0.25,-0.42,-0.14,0.23,0.20,0.71,0.22,0.04,0.28,0.29,-0.03,-0.15,0.40,-0.60,0.10,0.15,0.47,1.04,0.37,-0.58,-0.65,0.34,0.01,0.30,-1.14,0.00,0.30,0.41,0.12,0.12,0.21,0.24,0.06,-0.29,-0.95,0.04,-0.04,1.18,-0.04,0.31,0.03,-1.34,0.07,0.00,0.58,0.33,0.06,1.11,-0.13,0.24,0.16,0.18,0.00,-0.15,-0.55
age1_D10_2,age1,2,1.5,10,-0.17,-0.06,-0.40,0.53,-0.11,-0.07,0.34,-0.32,0.19,-1.78,0.01,0.32,0.08,-0.42,0.41,1.11,-0.01,0.45,0.65,-2.06,-0.20,-0.08,-0.66,0.19,0.13,-0.26,0.73,0.13,0.74,0.31,1.59,0.25,0.05,0.36,0.45,0.33,-0.50,0.19,0.04,0.06,0.35,-0.54,0.23,-1.31,-0.28,-0.35,-3.15,-0.06,0.58,0.97,0.98,0.20,-0.13,-0.11,-0.07,-0.19,-0.31,-1.05,0.21,0.05,0.33,0.41,0.57,-0.04,0.10,0.07,-0.27,-0.40,-0.04,-0.43,-4.32,0.53,-0.43,-0.01,-0.02,0.27,0.31,0.01,0.20,-0.17,0.36,0.12,-0.09,0.37,-0.68,-0.08,0.42,-0.16,0.31,0.09,0.35,0.10,0.02,0.14,-0.07,-0.09,-0.29,0.26,0.18,-0.10,0.10,0.03,-0.22,0.18,0.31,0.19,0.09,0.05,-0.17,-0.41,-0.11,-1.50,-1.54,-0.17,-0.29,-0.11,0.37,0.26,0.12,0.37,-0.03,-0.07,0.06,-0.04,-0.31,0.50,-0.71,0.19,-0.31,0.52,1.55,0.91,-0.12,-0.08,0.96,0.40,0.46,-0.40,0.23,0.46,0.51,0.61,0.42,0.53,0.08,0.29,0.16,-0.02,0.25,0.06,1.25,0.06,0.41,0.11,-0.45,0.20,0.08,0.71,-4.64,0.16,1.21,0.03,0.26,0.22,0.07,-0.13,-0.03,-0.31
age1_D10_3,age1,2,1.5,10,-0.64,-0.07,-1.04,0.14,-0.22,-0.50,0.15,0.24,0.22,-0.15,0.26,-0.66,0.07,0.16,-1.18,1.15,-0.40,0.03,-0.51,-1.85,0.14,-0.34,-1.00,-0.27,0.00,-0.28,0.76,0.25,0.86,0.37,1.65,0.07,-0.10,0.33,0.54,0.52,-0.42,0.15,-0.03,0.28,0.41,0.02,0.26,-1.27,0.01,-0.45,-2.23,0.10,0.51,0.78,0.80,0.10,0.15,-0.03,0.31,0.22,-0.34,-0.99,0.05,-0.10,-0.50,0.03,-0.01,-0.52,-0.55,-0.32,-0.99,-0.86,-0.88,-0.77,-3.44,0.27,-0.69,-0.19,-0.25,0.10,0.06,-0.09,0.05,-0.28,0.26,-0.06,-0.22,0.32,0.51,-0.40,0.31,-0.30,0.15,-0.13,0.26,-0.05,-0.27,-0.15,-0.24,-0.39,-0.26,0.14,0.01,-0.39,-0.01,-0.24,-0.26,0.07,0.18,-0.15,-0.16,-0.08,-0.26,-0.50,-0.43,-1.63,-1.57,-0.10,-0.20,0.16,0.29,0.25,0.22,0.39,0.32,0.00,0.05,-0.02,-0.11,0.61,-1.36,0.25,-0.29,0.76,1.24,0.58,-0.12,-0.57,0.56,0.00,0.01,0.01,0.01,0.01,0.19,0.19,0.21,0.13,0.40,-0.13,-0.18,-0.63,0.18,-0.14,1.08,0.00,0.24,-0.03,-0.50,0.12,-0.05,0.48,0.23,0.03,0.87,-0.12,0.16,0.13,0.09,-0.03,-0.23,-0.63
eat2_D10_1,eat2,3,1.2,10,0.30,-0.03,-0.36,-0.38,0.08,0.03,-0.49,-0.12,-0.06,0.40,0.35,0.20,-0.12,-0.13,-0.29,-0.71,0.44,-0.12,0.23,0.37,-0.21,-0.53,-1.02,-0.01,0.05,-0.11,-0.06,-0.27,-0.45,-0.12,0.00,-0.58,-0.23,0.21,-0.23,-0.17,-0.28,-0.20,-0.05,-0.46,-0.33,-1.04,-0.39,-0.90,0.04,0.23,-3.15,-0.51,-0.36,-0.53,-0.35,-0.51,-0.25,-0.17,-0.09,0.17,0.11,-1.67,0.23,-0.23,0.57,0.52,0.45,0.54,0.91,0.37,-0.18,0.07,0.38,0.56,-0.43,-0.73,-0.63,-0.94,-0.53,-0.35,-0.66,-0.40,-0.29,-0.52,-0.30,-0.24,-0.15,-0.11,-1.49,-0.82,-0.02,0.11,0.00,-0.10,-0.10,-0.12,-0.34,-0.57,-0.22,-0.66,0.03,0.02,-0.13,0.01,-0.42,-0.61,-0.47,0.28,-2.65,-0.27,-0.22,-0.46,-0.75,0.24,-0.19,NA,NA,NA,NA,NA,NA,NA,NA,NA,NA,NA,NA,NA,NA,NA,NA,NA,NA,NA,-1.05,-0.04,-0.39,-1.10,-0.04,-0.41,-0.17,-0.41,-0.01,-0.17,-0.65,-0.51,0.39,-0.21,-0.36,-0.32,-0.76,-0.99,-0.05,-0.55,-4.01,-0.38,-0.15,-0.32,-1.92,-0.05,0.01,0.12,-0.10,-0.63,1.79,0.10,-0.04,0.02,0.17,-0.27,0.13,-1.19
eat2_D10_2,eat2,3,1.2,10,0.04,-0.04,-0.26,-1.00,-0.10,-0.30,-0.84,0.04,-0.10,-0.04,-0.20,-1.07,0.08,-0.30,0.13,-0.71,-2.30,-0.06,0.03,0.30,0.05,-0.26,-0.36,-0.36,-0.39,-0.19,-0.11,-0.26,-0.30,-0.16,0.23,-0.61,-0.14,0.28,-0.40,-0.31,-0.86,-0.31,-0.11,-0.29,-0.42,-0.78,-0.46,-1.52,0.13,-0.03,-4.31,-0.67,-0.33,-0.41,-0.43,-0.66,-0.37,-0.17,-0.03,0.36,0.30,-1.27,0.30,-0.14,0.50,0.67,0.16,-0.23,0.86,0.08,-0.34,-0.16,-0.31,0.89,-0.47,-0.70,-0.85,-1.06,-0.41,-0.57,-0.76,-0.50,-0.23,-0.51,-0.41,-0.27,-0.20,-0.22,-1.14,-0.79,-0.13,-0.05,0.02,-0.34,-0.16,-0.21,-0.40,-0.64,-0.38,-0.75,0.06,-0.16,-0.31,-0.32,-0.51,-0.60,-0.55,0.07,-2.42,-0.04,-0.54,-0.60,-0.87,0.13,-0.08,NA,NA,NA,NA,NA,NA,NA,NA,NA,NA,NA,NA,NA,NA,NA,NA,NA,NA,NA,-1.03,0.19,-0.17,-0.58,0.26,-0.23,0.13,-0.40,0.02,0.13,-0.81,-0.24,0.26,-0.32,-0.24,-0.33,-0.68,-1.07,-0.10,-0.58,-0.53,-0.21,0.06,-0.21,-2.53,-0.02,0.07,0.09,0.08,-0.47,-1.19,0.26,-0.03,0.20,-0.02,-0.26,0.25,-1.14
eat2_D10_3,eat2,3,1.2,10,0.58,-0.10,0.11,-0.19,0.21,-0.22,-0.52,-0.07,0.04,0.37,0.07,-0.20,0.04,-0.03,-0.03,-1.20,-0.23,0.39,0.51,-0.27,0.27,0.14,0.30,-0.09,0.25,-0.07,-0.05,-0.08,-0.84,-0.11,0.30,-0.63,-0.43,0.31,-0.36,-0.10,-0.77,-0.46,-0.04,-0.29,-0.34,-0.68,-0.60,-1.55,-0.09,0.07,-3.51,-0.95,-0.31,-0.37,-0.33,-0.63,-0.05,0.09,0.09,0.19,0.25,-1.11,0.23,-0.43,0.14,0.45,-0.10,-0.28,0.74,-0.09,-0.78,-0.53,-0.65,0.12,-2.24,-0.48,-0.63,-0.95,-0.26,-0.25,-0.68,-0.21,0.00,-0.19,-0.17,-0.09,0.12,0.16,0.55,-0.62,-0.01,0.12,0.11,-0.08,0.12,0.04,-0.22,-0.37,-0.36,-0.63,0.28,0.03,-0.13,-0.04,-0.27,-0.41,-0.53,0.31,0.10,-1.26,-0.28,-0.33,-0.55,0.02,-0.15,NA,NA,NA,NA,NA,NA,NA,NA,NA,NA,NA,NA,NA,NA,NA,NA,NA,NA,NA,-1.06,0.18,-0.25,-0.71,0.18,-0.10,-0.24,0.04,0.01,-0.24,-0.25,-0.17,0.20,-0.27,-0.11,-0.17,-0.66,-1.01,-0.35,-0.61,-0.50,-0.23,0.19,-0.24,-0.57,-0.04,0.11,0.14,0.04,-0.36,-1.49,0.14,-0.05,0.12,0.14,-0.34,0.16,-1.07
mev1_D10_1,mev1,4,0.7,10,-2.71,-0.08,0.13,-3.66,-2.62,-2.96,-2.33,0.26,0.32,-0.17,-0.08,0.23,-0.02,-0.23,-0.37,-1.37,-1.00,-1.63,-1.06,0.96,-0.60,0.47,0.53,0.08,0.14,-0.07,-2.04,-1.95,-2.44,-1.97,-1.93,-1.90,-1.46,-1.39,-1.43,-2.26,-1.88,-1.63,-1.71,-1.29,-2.00,-2.16,-1.57,-1.51,-1.40,-1.29,-2.33,-2.18,-2.05,-1.74,-1.75,-1.78,-1.47,-1.34,-1.43,-1.45,-1.61,-1.50,-1.45,-1.46,-0.15,0.29,0.11,-0.61,-0.05,0.55,-0.26,0.00,-0.33,-0.58,NA,NA,NA,NA,NA,NA,NA,NA,NA,NA,NA,NA,NA,NA,NA,NA,NA,NA,NA,NA,NA,NA,NA,NA,NA,NA,NA,NA,NA,NA,NA,NA,NA,NA,NA,NA,NA,NA,NA,NA,NA,NA,NA,NA,NA,NA,NA,NA,NA,NA,NA,NA,NA,NA,NA,NA,NA,NA,NA,NA,-1.34,-0.81,-0.36,-1.48,-1.29,-4.15,-4.19,-3.82,-4.10,-4.19,-3.62,-4.10,-2.54,-3.49,-3.92,-3.88,-4.06,-4.44,NA,NA,NA,NA,NA,NA,NA,NA,NA,NA,NA,NA,NA,NA,NA,NA,NA,NA,NA,NA
mev1_D10_2,mev1,4,0.7,10,-6.87,-6.52,-6.76,-6.91,-14.12,-10.13,-8.77,-8.35,-0.21,-6.32,-5.73,-3.59,-0.44,-5.87,-0.12,-4.39,-7.48,-4.37,-5.00,-7.77,-6.74,0.73,0.63,-7.35,-4.85,-5.56,-5.68,-9.66,-4.99,-5.04,-4.96,0.02,-6.19,-6.68,-7.79,-6.03,-10.20,-4.32,-8.87,-8.47,-9.68,-9.37,-5.81,-8.04,-8.13,-8.77,-0.57,1.57,-2.40,-3.90,-3.75,-0.36,-6.13,-3.16,-7.95,-10.57,-8.62,-5.26,-8.00,-6.19,0.08,0.28,0.09,-0.36,0.06,0.48,-0.47,-0.31,-0.59,-0.73,NA,NA,NA,NA,NA,NA,NA,NA,NA,NA,NA,NA,NA,NA,NA,NA,NA,NA,NA,NA,NA,NA,NA,NA,NA,NA,NA,NA,NA,NA,NA,NA,NA,NA,NA,NA,NA,NA,NA,NA,NA,NA,NA,NA,NA,NA,NA,NA,NA,NA,NA,NA,NA,NA,NA,NA,NA,NA,NA,NA,-6.64,-8.84,-12.49,-10.15,-8.51,-7.04,-3.76,-4.47,-7.30,-3.76,-4.91,-6.13,-5.64,-7.08,-6.20,-7.37,-8.25,-5.63,NA,NA,NA,NA,NA,NA,NA,NA,NA,NA,NA,NA,NA,NA,NA,NA,NA,NA,NA,NA
mev1_D10_3,mev1,4,0.7,10,-5.77,-7.75,-7.16,-7.86,-12.76,-12.37,-8.95,-5.59,-0.25,-5.07,-5.80,-3.30,-0.57,-7.04,-0.80,-2.66,-3.74,-5.19,-8.02,-6.54,-6.55,0.59,0.10,-6.40,-8.08,-8.45,-3.14,-5.48,-2.38,-4.37,-1.94,-0.12,-4.72,-6.08,-6.15,-4.52,-4.77,-4.14,-7.18,-8.84,-7.14,-5.92,-8.75,-6.12,-5.97,-7.31,0.04,1.18,-1.21,-2.55,-2.53,-0.25,-4.83,-7.52,-6.76,-7.64,-7.98,-6.24,-4.62,-4.72,-0.20,-0.03,0.06,-0.12,-0.33,0.42,-0.23,0.02,0.05,-1.09,NA,NA,NA,NA,NA,NA,NA,NA,NA,NA,NA,NA,NA,NA,NA,NA,NA,NA,NA,NA,NA,NA,NA,NA,NA,NA,NA,NA,NA,NA,NA,NA,NA,NA,NA,NA,NA,NA,NA,NA,NA,NA,NA,NA,NA,NA,NA,NA,NA,NA,NA,NA,NA,NA,NA,NA,NA,NA,NA,NA,-6.45,-11.64,-13.93,-12.57,-9.18,-6.87,-4.72,-4.79,-8.16,-4.72,-6.24,-5.43,-6.22,-9.70,-6.25,-7.28,-8.00,-6.04,NA,NA,NA,NA,NA,NA,NA,NA,NA,NA,NA,NA,NA,NA,NA,NA,NA,NA,NA,NA
N2_D15_1,N2,1,1,15,0.12,0.11,-0.04,0.99,0.47,0.84,0.68,-0.01,0.05,-0.79,0.18,-0.11,0.00,-0.31,-0.14,-0.53,-0.28,-0.32,-0.49,-2.16,-0.03,-0.25,-0.34,-0.38,0.03,-0.31,-3.19,-2.29,-0.93,-1.97,-3.56,0.56,-1.75,-0.03,-2.27,-3.11,-3.95,0.95,-0.02,-0.34,-0.03,-0.39,0.34,-1.27,0.87,0.80,-1.71,0.53,-0.85,-1.33,-1.36,0.72,-1.36,0.06,0.03,0.74,0.22,0.82,0.21,-1.75,-4.04,-1.42,-1.74,-2.55,-1.90,-1.61,-1.68,-1.36,-2.27,-1.74,-1.88,0.05,-1.84,1.36,-0.02,0.05,1.14,0.37,-0.95,-1.80,0.14,0.13,-0.74,-1.29,-1.50,-1.21,-0.24,-0.21,-0.31,-0.91,-1.14,-1.17,-0.29,-1.02,-0.13,-0.50,-0.85,-0.47,-0.61,0.42,-0.80,-1.50,-0.22,-0.40,-0.46,-0.79,-0.46,-0.02,-0.01,-0.48,-0.81,-2.57,0.17,-0.46,-1.92,-2.03,0.33,0.41,0.03,-0.46,0.12,-0.81,-0.86,-1.01,-1.04,-0.11,-0.81,-0.30,-0.77,-1.03,-0.44,-0.26,-1.27,-1.49,-0.85,-0.11,-1.07,-0.14,-0.86,-1.07,-0.58,-0.92,-0.47,-0.57,0.23,-0.84,0.21,-0.02,0.07,0.63,1.50,0.80,-0.36,-1.25,-1.91,0.54,-0.18,-0.80,-0.42,-0.56,-1.29,0.29,-0.25,-0.33,-0.33,0.33,-0.22,-0.75
N2_D15_2,N2,1,1,15,0.49,0.00,0.16,0.74,0.60,0.89,0.60,-0.25,0.06,-0.27,-0.19,-0.05,-0.02,-0.34,-0.21,-0.74,-0.62,-0.12,-0.57,-1.89,0.34,-0.08,0.18,-0.56,0.30,-0.03,-3.22,-2.49,-1.40,-2.08,-2.55,0.27,-1.15,0.07,-1.09,-2.76,-2.79,0.83,-0.09,-0.43,-0.03,-0.37,0.43,-1.19,0.91,0.70,-1.82,0.91,-0.51,-1.05,-1.32,0.59,-1.10,0.00,0.19,0.66,0.41,0.59,0.23,-1.15,-3.17,-1.25,-1.52,-2.51,-1.61,-1.45,-1.84,-1.09,-2.07,-0.95,-1.27,-0.05,-6.11,1.36,-0.06,0.05,1.14,0.36,-0.98,-1.91,0.12,-0.01,-0.77,-1.35,-1.84,-1.36,-0.24,-0.18,-0.39,-1.01,-1.37,-1.26,-0.37,-1.15,-0.19,-0.49,-0.85,-0.76,-0.77,0.32,-0.97,-1.59,-0.27,-0.53,-0.58,-0.96,-0.92,-0.09,-0.08,-0.11,-0.38,-2.64,0.12,-0.47,-2.01,-2.21,0.27,0.32,-0.03,-0.08,0.08,-0.88,-1.12,-1.09,-0.95,-0.16,-1.10,-0.49,-0.81,-1.02,0.42,0.57,-0.23,-0.54,-0.02,-0.01,-0.70,-0.18,-0.68,-0.70,-0.56,-0.73,-0.35,-0.50,0.00,-0.68,0.47,0.19,0.08,0.73,1.45,0.84,-0.35,-1.29,-1.91,0.59,-0.14,-0.73,-0.40,-0.49,-1.31,0.22,-0.28,-0.24,-0.09,0.35,-0.15,-0.53
N2_D15_3,N2,1,1,15,0.43,0.00,-0.49,0.88,0.82,0.92,0.88,-0.46,0.10,-0.10,0.09,-0.43,-0.10,0.36,0.16,-0.48,-0.59,-0.57,-0.72,-1.76,-0.11,-0.42,-0.68,0.09,0.02,-0.07,-3.45,-2.53,-1.22,-1.72,-3.45,0.41,-1.18,-0.08,-1.15,-3.21,-3.16,1.06,-0.01,-0.50,-0.08,-0.79,0.44,-1.42,0.50,0.74,-0.16,0.64,-0.34,-1.04,-1.24,0.39,-1.23,-0.04,-0.02,0.61,0.29,0.59,0.08,-1.18,-3.21,-1.15,-1.30,-1.91,-1.39,-1.10,-1.25,-1.00,-1.98,-1.03,-3.43,0.07,-1.75,1.51,-0.13,0.21,1.25,0.50,-0.91,-1.82,0.26,0.14,-0.65,-1.34,-0.36,-1.27,-0.16,-0.23,-0.39,-0.89,-1.26,-1.25,-0.33,-1.06,-0.06,-0.29,-0.84,-0.63,-0.75,0.84,-0.99,-1.60,-0.02,-0.66,-0.87,-0.92,-0.52,-0.06,-0.11,-0.53,-0.82,-2.73,0.39,-0.24,-1.79,-1.79,0.43,0.49,0.24,-0.12,0.33,-0.56,-0.80,-0.86,-0.94,-0.08,-0.78,-0.21,-0.57,-0.62,-0.14,-0.14,-1.19,-1.28,-0.77,-0.44,-0.51,0.01,-0.51,-0.51,-0.07,-0.59,-0.35,-0.37,0.29,-0.53,0.49,0.11,0.03,0.76,1.49,0.95,-0.17,-1.20,-1.81,0.57,-0.03,-0.68,-0.34,-0.53,-1.42,0.26,-0.29,-0.21,-0.15,0.28,-0.23,-1.67
age1_D15_1,age1,2,1.5,15,-0.06,0.19,-0.01,0.18,-0.10,-0.03,0.00,0.25,0.20,0.32,0.16,0.07,0.14,0.21,0.03,0.52,-0.32,-0.58,-0.62,0.73,-0.09,0.29,0.33,0.05,-0.16,0.11,-0.90,-0.43,-0.06,-1.04,0.08,-0.21,-1.00,-0.22,-0.81,-0.88,-1.59,-0.23,-0.81,-0.25,0.27,-1.15,-0.66,-0.96,0.52,0.05,-2.69,-0.19,-1.18,0.33,-0.03,-0.14,-1.23,-0.53,-0.54,0.73,-0.38,-0.41,-0.05,-1.00,-1.86,-0.52,-0.59,-0.75,-0.78,-0.53,-1.03,-1.02,-0.86,-0.84,-0.91,-1.24,-1.26,-0.85,-1.00,-0.85,-0.39,-0.95,-1.19,-1.51,-0.38,-0.59,-1.03,-1.25,-0.89,-1.14,-0.18,-0.48,-0.38,-0.79,-0.68,-1.18,-0.97,-1.20,-0.70,-0.44,-0.79,0.04,-0.28,-0.62,-0.48,-1.12,-0.33,-0.22,0.79,0.11,0.52,0.04,-0.61,0.07,-0.34,-3.47,-1.43,-1.57,-1.31,-2.23,0.36,0.42,-0.34,-0.81,-0.66,-0.79,-0.94,-1.56,-1.46,0.07,-0.39,-0.70,-0.85,-0.75,-0.62,-1.00,-1.68,-1.88,-1.04,-0.96,-0.85,-0.90,-0.69,-0.85,-0.48,-0.67,0.86,-0.05,-0.31,-0.28,-0.36,-0.81,0.09,-0.18,0.36,-0.01,-0.51,-1.62,-6.42,-0.15,-0.79,-1.03,-1.18,-1.23,-2.23,0.54,0.10,0.05,-0.03,0.06,-0.75,-0.65
age1_D15_2,age1,2,1.5,15,0.51,0.19,-0.18,0.87,0.19,0.13,0.52,0.31,-0.05,0.44,0.17,0.27,0.04,0.58,0.40,0.84,-0.49,-0.35,-0.23,0.85,0.39,0.13,0.67,0.28,0.04,0.43,-1.36,-0.88,-0.66,-1.45,-0.40,-0.75,-1.31,-0.52,-0.68,-1.39,-2.15,-0.31,-0.95,-0.22,0.17,-1.39,-0.76,-1.60,0.12,-0.29,-2.01,-1.00,-0.47,-0.37,-0.13,-0.60,-1.36,-0.94,-0.87,0.42,-0.57,-1.41,-0.41,-1.31,-0.51,0.29,0.40,0.26,0.14,0.22,0.12,0.03,0.30,0.53,-2.13,-0.52,-0.71,-0.35,-0.66,-0.40,0.29,-0.30,-0.74,-1.43,0.03,-0.07,-0.69,-0.95,-0.51,-0.94,0.43,0.05,0.16,-0.32,-0.42,-0.86,-0.58,-0.84,-0.03,-0.15,-0.31,0.39,0.18,-0.10,-0.17,-0.72,0.17,-0.38,-1.20,0.63,0.38,0.32,-0.21,-0.62,-0.22,-2.86,-1.08,-0.47,-0.82,-1.19,0.39,0.45,0.77,0.07,0.22,0.12,-0.11,-0.65,-0.80,0.33,0.06,0.16,-0.07,-0.21,0.22,-0.37,-0.70,-0.30,0.05,-0.12,-0.09,0.17,-0.02,-0.09,0.13,0.45,0.68,0.69,-0.20,0.56,0.50,0.38,-0.02,0.89,0.32,0.04,-0.06,-0.78,-6.30,0.38,-0.16,-0.35,-0.42,-0.22,-1.55,0.62,0.16,0.21,0.28,0.33,0.06,-0.01
age1_D15_3,age1,2,1.5,15,-0.10,0.04,-0.22,-0.02,-0.21,-0.10,-0.10,0.52,0.04,0.17,0.35,-0.03,0.05,-0.12,0.18,0.41,-0.59,-0.41,-1.09,0.44,0.12,0.42,0.73,0.17,0.12,-0.06,-0.94,-0.69,-0.32,-1.16,-0.05,-0.38,-1.15,-0.21,-0.53,-1.11,-1.86,-0.18,-0.87,-0.25,-0.03,-0.91,-3.21,-1.36,0.29,-0.13,-2.47,-0.23,-0.66,0.20,0.21,-0.59,-1.01,-0.66,-0.68,0.40,-0.44,-1.20,-0.05,-1.15,-1.20,-0.26,-0.06,-0.28,-0.62,-0.15,-0.53,-0.55,-0.38,-0.20,-1.71,-0.74,-1.09,-0.44,-0.59,-0.50,0.12,-0.46,-0.83,-1.36,-0.08,-0.22,-0.71,-1.02,-1.83,-0.97,0.34,-0.23,-0.07,-0.39,-0.38,-0.90,-0.54,-0.86,-0.34,-0.30,-0.38,0.36,0.03,-0.14,-0.08,-0.90,-0.16,-0.18,0.83,0.53,0.37,0.25,-0.26,-0.27,-0.16,-2.66,-1.46,-0.86,-1.35,-1.52,0.39,0.51,0.44,0.02,-0.08,-0.14,-0.36,-0.76,-0.83,0.28,-0.08,0.07,-0.19,-0.27,0.53,0.00,-0.63,-0.63,0.02,-0.21,-0.35,-0.55,0.03,-0.35,0.09,0.20,0.95,0.57,0.53,0.43,0.47,0.28,-0.57,0.41,0.65,-0.10,-0.40,-0.89,-6.32,-0.08,-0.39,-0.60,-0.73,-0.56,-1.43,0.38,-0.02,0.02,-0.03,-0.05,-0.21,-0.61
eat2_D15_1,eat2,3,1.2,15,1.69,0.69,0.42,1.21,1.46,1.16,0.92,0.04,-0.41,0.77,0.35,0.81,-0.14,0.24,-0.02,-1.05,0.40,0.50,0.70,-0.53,-0.27,0.64,0.45,0.19,0.20,0.53,-0.99,-0.94,-2.32,-1.26,-1.40,-1.67,-1.43,-0.14,-1.10,-1.18,-0.26,-0.72,-0.87,-0.54,-0.72,-1.45,-1.03,-0.98,0.02,-0.34,1.42,-2.24,-0.80,-2.10,-2.20,-1.84,-1.71,-1.23,-1.11,-0.25,-0.34,-2.47,-0.59,-1.43,0.34,0.73,1.11,1.56,0.99,1.02,1.35,1.39,1.51,0.83,0.99,0.28,0.71,-0.21,0.50,0.38,-0.02,0.48,0.65,0.49,0.32,0.60,0.57,0.57,0.35,0.60,0.55,0.93,0.82,1.06,0.51,0.70,0.70,0.46,0.48,0.73,0.81,0.81,0.72,0.97,0.57,0.64,0.37,0.50,-0.60,1.20,0.64,0.94,0.80,-0.16,0.21,-1.72,-1.51,-0.33,-0.25,-0.08,-0.62,-0.65,-0.10,-0.15,-0.01,0.46,0.02,-0.38,0.04,0.02,-0.35,0.36,-0.24,0.28,-1.55,0.11,0.68,1.62,0.70,0.76,1.02,2.05,1.33,1.02,0.93,0.73,0.16,1.04,0.55,1.32,0.88,1.10,0.64,0.07,-3.20,-0.04,0.28,0.27,0.45,0.22,0.36,0.31,0.31,0.22,-1.08,0.47,0.15,0.42,0.27,0.13,0.41,0.25
eat2_D15_2,eat2,3,1.2,15,1.43,0.13,-0.06,0.72,1.18,1.29,-0.36,-0.11,-0.16,-0.10,-0.18,0.25,0.04,-0.04,-0.12,-0.29,-0.30,-0.30,0.05,-0.14,0.19,0.14,0.58,-0.31,-0.51,-0.05,-0.30,-0.33,-1.03,-0.29,-0.51,-1.05,-0.62,-0.09,-0.63,-0.56,-0.80,-0.31,-0.24,-0.33,-0.40,-1.10,-1.36,-1.51,0.14,0.16,-3.30,-1.05,-0.41,-0.66,-0.48,-1.04,-0.61,-0.27,-0.07,0.32,0.17,-1.51,0.10,-0.62,0.39,0.90,0.19,0.12,0.99,0.48,0.08,0.00,-0.07,1.00,-2.79,-0.17,0.18,-0.64,-0.20,0.09,-0.37,0.12,0.39,0.25,0.10,0.28,0.35,0.41,-0.49,0.11,0.30,0.69,0.53,0.52,0.49,0.49,0.29,0.16,0.12,0.29,0.73,0.53,0.56,0.47,0.24,0.38,-0.11,0.55,-0.69,-0.59,0.48,0.45,0.24,-0.04,0.38,-1.71,-1.47,-0.75,-0.69,-0.37,-0.42,-0.49,-0.33,-0.04,-0.19,0.34,-0.32,-0.29,-0.26,0.05,-0.50,0.18,-0.39,0.28,-1.20,-0.08,0.02,0.25,0.27,0.13,0.17,0.24,0.18,0.17,0.27,0.35,0.50,0.18,0.49,0.38,-0.28,-0.57,-0.01,0.36,0.02,-0.11,0.30,0.19,0.11,0.06,0.15,0.26,0.20,-0.08,-1.33,0.27,0.30,0.27,0.18,-0.15,0.30,-0.33
eat2_D15_3,eat2,3,1.2,15,1.78,0.74,0.65,0.89,1.53,1.29,0.93,0.74,-0.17,0.97,0.46,1.14,-0.09,0.41,0.69,-0.35,0.45,0.60,0.49,-0.05,0.70,-0.12,0.03,0.04,0.22,0.92,-1.84,-1.75,-2.12,-1.57,-2.45,-2.03,-2.17,-0.38,-1.93,-2.00,-1.67,-0.79,-1.29,-0.96,-1.30,-1.90,-1.76,-2.52,0.21,0.31,-3.31,-1.84,-1.05,-2.19,-1.90,-1.93,-2.02,-1.24,-1.29,0.32,-0.49,-2.02,-1.17,-2.17,0.69,1.17,0.79,0.61,1.69,0.93,0.74,0.40,0.25,1.78,-0.74,0.51,0.62,-0.09,0.72,0.43,0.14,0.62,0.72,0.52,0.47,0.67,0.67,0.64,-6.04,0.54,0.64,0.92,1.16,1.51,0.75,0.73,0.70,0.53,0.49,0.63,0.94,0.69,0.83,0.92,0.50,0.68,0.24,0.69,1.54,1.18,0.77,0.81,0.69,-0.10,0.39,-1.58,-1.59,-0.54,-0.49,-0.27,-0.96,-0.79,-0.39,-0.22,-0.24,0.45,-0.35,-0.65,-0.48,-0.21,-0.75,-0.20,-0.35,-0.04,-0.89,0.32,1.07,2.55,0.97,0.19,0.75,0.48,0.41,0.75,0.52,0.35,-0.36,0.53,0.47,0.58,0.10,0.13,0.66,0.25,-3.64,0.27,0.55,0.39,0.49,0.29,0.52,0.42,0.44,0.43,-1.50,0.52,0.07,0.67,0.19,-0.33,0.71,0.25
N2_D20_1,N2,1,1,20,-1.50,-0.10,0.27,-1.83,-1.78,-1.84,-1.81,-0.22,-0.31,-0.10,-0.13,0.24,-0.17,0.08,-0.78,-0.75,-0.13,0.32,-0.73,0.86,0.30,1.24,1.21,-0.38,-0.07,0.02,-2.57,-1.84,-2.29,-1.99,-2.12,-2.02,-2.15,-1.40,-2.02,-1.66,-2.68,-1.25,-1.66,-1.20,-0.77,-1.80,-1.71,-1.98,-0.54,-1.23,-2.50,-1.72,-2.38,-2.14,-2.00,-1.85,-2.04,-1.42,-1.48,-0.46,-1.22,-1.43,-1.08,-2.15,-0.38,0.27,-0.54,-0.56,0.51,0.15,-0.53,-0.63,-0.30,0.93,-1.75,-1.16,-1.04,-1.23,-1.11,-1.07,-0.86,-0.97,-0.75,-0.57,-0.86,-0.75,-0.79,-0.72,-2.14,-0.70,-0.59,-0.32,-0.60,-0.79,-0.11,-0.39,-0.84,-0.90,-0.73,-0.36,-0.49,0.30,-0.34,-0.44,-0.55,-0.14,-0.06,-0.14,-2.42,-0.14,0.13,0.22,-0.48,0.47,-0.24,-3.10,-2.38,-2.23,-2.13,-2.19,-0.32,-0.27,-1.27,-1.44,-1.45,-1.77,-1.51,-1.82,-2.06,-1.20,-1.55,-1.15,-1.66,-0.97,-0.29,-0.96,-0.79,-1.95,-0.66,-1.34,-0.87,-1.15,-0.84,-0.87,-1.17,-0.80,0.50,-0.90,-1.09,-0.85,-0.84,-1.61,-0.60,0.11,-5.37,-1.10,-0.84,-0.92,-6.51,-0.85,-0.83,-0.89,-1.07,-1.27,-0.72,-0.47,-0.80,-0.60,-0.20,-0.14,-0.74,-0.34
N2_D20_2,N2,1,1,20,-0.66,-0.07,0.58,-0.52,-0.41,-0.17,-0.36,-0.27,-0.13,0.59,-0.34,0.74,-0.07,0.29,0.29,-1.18,0.35,-0.41,-1.33,-0.21,0.45,0.22,-0.10,0.06,0.17,0.53,-5.60,-4.45,-4.21,-4.98,-7.25,-1.79,-4.14,-0.84,-3.83,-6.85,-6.02,0.85,-2.08,-0.71,-1.30,-2.48,-1.54,-2.32,1.32,1.06,-0.76,-0.41,-2.85,-4.39,-4.18,-1.75,-4.57,-1.97,-2.17,1.12,-0.65,-0.30,-1.79,-4.14,-3.92,-0.22,-0.99,-1.08,0.27,-0.28,-0.65,-0.23,-1.41,1.13,-2.37,-1.68,-1.91,-0.03,-1.38,-2.12,-0.18,-1.12,-2.65,-4.12,-1.41,-1.08,-2.27,-3.70,-3.96,-3.76,-0.91,0.00,-1.00,-1.81,-2.38,-2.93,-2.37,-3.35,0.30,-1.60,-1.61,-0.91,-1.20,-0.26,-2.07,-3.09,0.51,-1.96,-0.15,-0.43,-0.87,-0.71,-1.09,0.25,-1.12,-2.91,-2.17,-2.25,-2.46,-2.67,-0.62,-0.55,-1.34,-1.78,-1.56,-2.19,-1.90,-2.26,-2.82,-1.59,-2.01,-1.42,-2.49,-1.72,-1.86,-3.63,-2.80,-2.81,-2.62,-1.90,-3.61,-2.29,-3.03,-3.61,-1.79,-2.13,-0.42,-1.93,-1.05,-1.93,-0.88,-1.34,-0.39,0.57,-4.92,-0.90,-0.85,-0.96,-7.69,-1.02,-1.96,-3.58,-3.45,-3.82,-1.78,0.30,-0.97,-0.44,-0.45,0.35,-0.70,-0.73
N2_D20_3,N2,1,1,20,-0.84,-0.03,0.41,-1.37,-0.74,-0.79,-0.89,-0.92,0.09,0.75,-0.01,0.74,0.07,0.44,-0.41,-0.54,0.36,0.33,-1.54,0.67,0.02,0.11,-0.08,0.33,0.22,0.34,-5.22,-3.68,-4.42,-3.57,-4.49,-1.71,-3.21,-0.87,-2.83,-3.82,-4.22,-0.14,-1.55,-0.76,-1.04,-2.11,-1.72,-2.07,0.34,0.04,-2.87,-0.99,-1.96,-4.08,-3.88,-1.78,-3.20,-1.59,-1.52,0.25,-0.57,-1.32,-1.37,-3.21,-1.85,0.15,-0.62,-0.77,0.46,0.29,-0.29,-0.66,-0.63,1.16,-0.67,-1.20,-1.24,0.08,-0.99,-1.27,-0.10,-0.85,-1.52,-1.86,-0.92,-0.69,-1.34,-1.75,-1.37,-1.94,-0.59,-0.15,-0.63,-1.16,-1.11,-1.24,-1.32,-1.83,-0.21,-0.77,-0.88,-0.27,-0.69,-0.89,-1.22,-1.28,0.06,-0.82,-1.51,-0.12,-0.51,-0.28,-0.80,-0.05,-0.87,-2.80,-2.24,-1.94,-2.30,-2.22,-0.41,-0.37,-0.93,-1.27,-1.30,-1.81,-1.92,-2.41,-2.14,-1.22,-1.60,-1.41,-2.01,-1.45,-0.36,-1.16,-1.10,-1.44,-0.84,-1.25,-1.35,-0.88,-1.48,-1.35,-1.25,-1.08,0.15,-1.33,-0.91,-1.10,-0.71,-0.69,-0.45,0.00,-5.12,-0.56,-1.33,-1.41,-1.76,-0.77,-1.10,-1.60,-1.68,-1.97,-1.83,0.05,-0.94,-0.75,-0.51,0.16,-0.73,-1.00
age1_D20_1,age1,2,1.5,20,1.01,0.34,0.88,1.31,1.03,0.89,1.53,1.01,0.14,0.76,1.08,1.16,-0.11,0.87,-0.18,1.62,1.11,0.83,0.30,0.52,0.80,0.81,0.47,0.85,0.46,0.76,-1.16,-1.14,-0.67,-1.39,-0.65,-1.29,-1.78,-0.13,-1.02,-1.52,-1.50,-0.40,-1.28,-0.27,-0.59,-1.37,-2.64,-1.91,-0.13,-0.40,-3.19,-1.36,-0.78,-1.31,-1.18,-1.38,-1.72,-1.12,-1.07,0.01,-0.71,-1.64,-0.89,-1.78,0.02,0.95,0.62,0.68,0.87,0.89,0.52,0.46,0.60,0.79,-2.72,0.61,0.27,0.07,0.13,0.24,0.51,0.08,0.11,-0.07,0.33,0.27,-0.12,0.13,0.76,0.26,0.57,0.38,0.48,0.24,0.32,0.05,0.16,0.15,0.41,0.36,0.09,0.75,0.53,0.33,0.32,0.15,0.45,-0.41,-1.12,1.01,0.59,0.73,0.57,-0.88,-0.50,-2.52,-1.92,-0.99,-1.18,-0.99,-0.68,-0.77,0.15,-0.37,-0.41,-0.16,-0.34,-0.63,-0.61,-0.02,0.15,-0.09,-0.23,-0.58,1.10,0.10,0.29,0.43,0.63,0.79,0.73,0.81,0.86,0.73,0.95,1.24,0.00,0.90,1.07,1.21,0.90,1.31,0.88,0.76,-2.87,0.29,0.41,0.15,0.02,0.53,0.16,0.44,0.24,0.59,-1.08,0.69,0.51,0.39,0.32,0.51,0.28,0.61
age1_D20_2,age1,2,1.5,20,0.86,0.48,1.07,1.13,1.06,0.98,1.38,0.99,0.51,1.13,0.31,0.45,-0.01,0.99,0.21,1.45,0.98,1.09,1.18,1.12,0.80,0.21,-0.26,0.63,0.55,0.78,-0.98,-1.10,-0.99,-1.32,-1.04,-1.47,-1.67,-0.43,-1.07,-1.32,-1.60,-0.33,-1.30,-0.47,-0.53,-1.29,-1.71,-2.00,-0.11,-0.47,-4.19,-1.01,-0.79,-0.90,-0.74,-1.23,-1.58,-1.25,-1.05,0.07,-0.88,-1.86,-0.91,-1.67,-0.02,0.98,0.72,0.53,0.83,0.74,0.37,0.34,0.44,0.77,-1.11,0.54,0.06,0.08,0.00,0.11,0.36,-0.06,0.08,-0.27,0.33,0.17,-0.15,0.08,-1.34,0.14,0.54,0.20,0.33,0.16,0.19,-0.03,0.04,0.07,0.21,0.23,-0.03,0.67,0.48,0.30,0.14,0.05,0.23,-0.18,1.45,0.81,0.25,0.59,0.30,-0.63,-0.38,-2.10,-1.47,-0.62,-0.82,-0.87,-0.29,-0.29,0.48,-0.10,-0.10,0.12,0.01,-0.28,-0.15,0.22,0.60,0.22,-0.02,-0.19,0.86,-0.13,-0.26,0.16,0.40,0.48,0.26,0.61,0.60,0.26,0.66,0.83,0.33,0.84,0.82,0.95,0.75,0.72,0.95,0.89,-2.64,0.41,0.47,0.34,0.21,0.70,0.27,0.45,0.26,0.64,-0.37,0.89,0.68,0.52,0.51,0.71,0.10,0.64
age1_D20_3,age1,2,1.5,20,1.22,0.10,0.87,1.81,1.38,1.38,1.89,0.57,0.03,1.20,0.38,1.05,-0.12,1.07,0.93,1.73,1.49,1.38,1.45,1.26,0.82,0.75,-0.07,0.66,0.38,1.07,-1.16,-1.28,-1.40,-1.60,-1.89,-1.64,-1.89,-0.44,-1.10,-2.07,-1.67,-0.38,-1.37,-0.57,-0.58,-1.59,-1.49,-1.92,-0.15,-0.34,1.09,-3.14,-0.69,-1.24,-1.03,-1.59,-1.81,-1.20,-1.30,-0.25,-0.64,-1.92,-1.17,-1.89,0.29,1.17,1.09,1.08,1.13,1.24,0.80,0.95,0.93,1.29,-2.00,0.72,0.59,0.24,0.43,0.35,0.56,0.22,0.24,0.21,0.48,0.34,0.07,0.28,-0.36,0.56,0.68,0.50,0.52,0.23,0.28,0.23,0.36,0.40,0.47,0.53,0.28,0.78,0.68,0.55,0.52,0.39,0.61,-0.41,1.58,1.06,0.52,0.79,0.74,-0.87,-0.58,-2.18,-1.47,-0.51,-0.68,-0.48,-0.52,-0.60,0.63,0.06,0.01,0.08,0.12,-0.13,-0.09,0.33,0.94,0.26,0.26,-0.17,1.22,0.43,0.60,0.30,0.83,0.82,0.89,0.16,0.87,0.89,0.91,1.17,-0.34,1.13,-0.54,1.24,0.98,0.96,1.30,0.96,-2.68,0.55,0.59,0.42,0.44,0.65,0.48,0.46,0.46,0.74,-1.02,0.89,0.60,0.55,0.58,0.73,0.45,1.14
eat2_D20_1,eat2,3,1.2,20,1.14,0.05,0.89,1.15,0.88,0.68,0.42,-0.04,-0.06,0.63,0.34,0.50,0.10,0.44,0.91,0.06,0.78,0.55,0.92,-1.49,-0.24,0.33,0.35,0.46,0.12,0.47,-0.20,-0.58,-1.32,-0.64,-1.11,-1.28,-0.80,-0.02,-0.65,-0.18,1.10,-0.26,-0.42,-0.23,-0.61,-0.14,-2.16,0.36,-0.14,-0.45,-1.50,-2.30,-0.78,-1.51,-1.36,-1.50,-1.48,-0.88,-0.67,-0.53,-0.38,-2.21,-0.22,-0.80,0.12,0.09,0.49,1.64,0.09,0.81,1.50,1.60,1.83,-0.13,0.38,0.25,0.96,-0.46,0.31,0.31,-0.15,0.13,0.54,0.76,0.23,0.45,0.54,0.69,0.10,0.75,0.49,0.73,0.69,0.89,0.70,0.72,0.82,0.70,0.42,0.84,0.68,0.70,0.63,0.66,0.71,0.96,0.23,0.45,-1.02,1.00,0.85,0.79,0.69,-0.20,0.30,-3.76,-3.36,-2.30,-1.99,-1.40,-2.26,-2.30,-1.69,-1.77,-1.86,-1.77,-1.89,-1.72,-1.16,-2.01,-2.01,-1.31,-1.47,-1.47,0.01,0.37,1.15,1.37,0.49,0.42,0.65,0.41,0.69,0.65,0.16,0.64,0.10,0.39,0.41,0.63,0.39,0.62,0.39,0.01,-3.06,-0.10,0.33,0.43,0.94,0.18,0.26,0.47,0.52,0.65,-1.53,0.45,0.53,0.35,0.26,0.10,0.42,0.96
eat2_D20_2,eat2,3,1.2,20,1.57,0.55,0.62,1.38,1.27,1.20,0.90,0.14,-0.17,0.13,0.37,0.43,0.04,0.66,0.30,-0.16,0.24,0.84,1.41,-0.11,0.49,0.35,0.47,0.34,0.38,0.40,-1.02,-0.87,-1.47,-0.61,-2.13,-1.39,-1.13,-0.06,-1.01,-0.99,-1.16,-0.51,-0.61,-0.46,-0.66,-1.06,-1.07,-1.81,0.09,-0.20,-3.43,-0.80,-0.52,-1.08,-1.25,-1.28,-1.10,-0.43,-0.62,0.13,-0.17,-1.56,-0.44,-1.13,0.39,0.50,-0.12,-0.02,0.53,0.15,0.21,-0.05,0.06,0.67,0.75,0.46,1.03,-0.28,0.48,0.41,-0.09,0.36,0.89,0.91,0.37,0.49,0.61,0.78,0.24,0.70,0.54,0.71,0.84,0.96,0.68,0.78,0.80,0.80,0.33,0.66,0.82,0.73,0.74,0.78,0.66,0.97,0.30,0.30,1.34,1.10,0.50,0.74,0.70,-0.85,0.22,-2.84,-2.60,-1.63,-1.38,-0.94,-2.24,-2.14,-1.43,-1.28,-1.33,-1.14,-1.30,-1.10,-0.77,-1.22,-1.49,-0.92,-1.25,-1.11,-0.25,0.78,1.39,1.92,1.07,0.89,0.79,0.94,0.85,0.79,0.59,0.92,-0.31,0.67,0.74,0.75,0.58,0.88,0.76,0.17,-3.21,0.04,0.42,0.70,0.86,0.29,0.35,0.65,0.44,0.69,-0.98,0.51,0.67,0.41,0.32,0.07,0.64,0.90
eat2_D20_3,eat2,3,1.2,20,1.57,0.44,0.39,1.20,1.37,1.08,0.93,0.42,-0.10,0.56,0.56,0.14,-0.07,0.57,0.86,-0.06,0.65,0.81,1.60,0.06,0.85,0.17,0.11,0.49,0.50,0.58,-1.25,-1.36,-1.68,-1.05,-0.98,-1.74,-1.44,-0.27,-1.03,-1.21,-0.72,-0.43,-0.82,-0.73,-0.83,-1.54,-1.18,-1.50,-0.01,-0.07,-3.78,-0.83,-0.78,-1.46,-1.30,-1.61,-1.42,-0.79,-0.77,0.08,-0.37,-1.59,-0.73,-1.44,0.55,0.60,0.33,0.66,0.67,0.58,0.68,0.59,0.64,0.86,1.21,0.52,1.27,-0.26,0.61,0.42,-0.13,0.31,0.84,0.95,0.25,0.51,0.61,0.83,0.27,0.89,0.44,0.78,0.92,1.09,0.73,0.74,0.75,0.86,0.40,0.86,0.89,0.67,0.70,0.92,0.60,0.99,0.46,0.25,1.38,0.98,0.55,0.61,0.77,-0.58,0.16,-2.92,-2.89,-2.15,-1.87,-1.37,-2.57,-2.59,-1.81,-1.73,-1.85,-1.56,-1.73,-1.56,-1.25,-1.57,-1.80,-1.46,-1.62,-1.40,-0.37,0.42,1.14,1.84,0.98,0.73,0.94,0.64,1.03,0.94,0.90,1.11,-0.35,0.57,0.04,0.92,0.56,0.64,0.88,0.06,-3.35,-0.09,0.52,0.70,0.94,0.04,0.32,0.76,0.55,0.83,-1.15,0.63,0.81,0.50,0.23,0.15,0.67,1.15
